-- super_admin
insert into super_admin (super_admin_id, username, passcode) values (1, 'super_admin', 'super_admin');


-- schools

insert into schools (school_id, school_name, phone, email) values (1, 'Golden Valley School', '2109865472', 'golden_valey@schools.com');
insert into schools (school_id, school_name, phone, email) values (2, 'Ocean View School', '2108866470', 'ocean_view@schools.com');
insert into schools (school_id, school_name, phone, email) values (3, 'Mountain Oak School', '2127875473', 'mountain_oak@schools.com');
insert into schools (school_id, school_name, phone, email) values (4, 'Southview Technical School', '2100932413', 'southview_technical@schools.com');
insert into schools (school_id, school_name, phone, email) values (5, 'Crystal River School', '2106712039', 'crystal_river@schools.com');

-- addresses

insert into addresses (school_id, street_name, street_number, postal_code, city) values (4, 'Montana', '69', '12345', 'Athens');
insert into addresses (school_id, street_name, street_number, postal_code, city) values (1, 'Coolidge', '297', '34120', 'Glyfada');
insert into addresses (school_id, street_name, street_number, postal_code, city) values (2, 'Lyons', '563', '21768', 'Piraeus');
insert into addresses (school_id, street_name, street_number, postal_code, city) values (5, 'Mayer', '6', '32451','Athens');
insert into addresses (school_id, street_name, street_number, postal_code, city) values (3, 'Kensington', '8', '13476','Piraeus');

-- administrators

insert into administrators (admin_id, first_name, last_name, username, passcode, school_id) values (1, 'Rosemary', 'Tierny', 'admin_1', 'admin_1', 1);
insert into administrators (admin_id, first_name, last_name, username, passcode, school_id) values (2, 'Barbara', 'Crabb', 'admin_2', 'admin_2', 2);
insert into administrators (admin_id, first_name, last_name, username, passcode, school_id) values (3, 'Irene', 'Easdon', 'admin_3', 'admin_3', 3);
insert into administrators (admin_id, first_name, last_name, username, passcode, school_id) values (4, 'Johann', 'St. Paul', 'admin_4', 'admin_4', 4);
insert into administrators (admin_id, first_name, last_name, username, passcode, school_id) values (5, 'Jorry', 'Jann', 'admin_5', 'admin_5', 5);

-- members

insert into members (card_id, first_name, last_name, username, passcode, birthday, phone, email, teacher, active, school_id) values (1, 'Irene', 'Easdon', 'ieasdon0', 'CaCYI3', '1967-10-07', '2108408475', 'ieasdon0@hp.com', 1, 1, 2);
insert into members (card_id, first_name, last_name, username, passcode, birthday, phone, email, teacher, active, school_id) values (2, 'Kacey', 'Ashforth', 'kashforth', 'gwekhfr', '1971-11-18', '7761476278', 'kashforth1@webeden.co.uk', 1, 1, 5);
insert into members (card_id, first_name, last_name, username, passcode, birthday, phone, email, teacher, active, school_id) values (3, 'Bevvy', 'Tunaclift', 'btunaclift2', 'Rddgu5c1', '1963-09-11', '9909486679', 'btunaclift2@examiner.com', 1, 1, 3);
insert into members (card_id, first_name, last_name, username, passcode, birthday, phone, email, teacher, active, school_id) values (4, 'Jorry', 'Jann', 'jjann3', 'yjlLfJ8k', '1968-04-30', '3835311127', 'jjann3@phoca.cz', 1, 1, 5);
insert into members (card_id, first_name, last_name, username, passcode, birthday, phone, email, teacher, active, school_id) values (5, 'Brita', 'Garrud', 'bgarrud4', 'fAdl5HDz', '1990-07-28', '7405811674', 'bgarrud4@odnoklassniki.ru', 1, 1, 2);
insert into members (card_id, first_name, last_name, username, passcode, birthday, phone, email, teacher, active, school_id) values (6, 'Lula', 'Pretley', 'lpretley5', '5a29cAXX3', '1973-11-27', '1621939290', 'lpretley5@e-recht24.de', 1, 1, 5);
insert into members (card_id, first_name, last_name, username, passcode, birthday, phone, email, teacher, active, school_id) values (7, 'Cindee', 'Village', 'cvillage6', 'yd2Gf6', '1992-06-23', '1311039926', 'cvillage6@sciencedirect.com', 1, 1, 4);
insert into members (card_id, first_name, last_name, username, passcode, birthday, phone, email, teacher, active, school_id) values (8, 'Gerda', 'Leglise', 'gleglise7', 'zlOCVw4C9KTW', '1979-06-22', '2281100812', 'gleglise7@so-net.ne.jp', 1, 1, 5);
insert into members (card_id, first_name, last_name, username, passcode, birthday, phone, email, teacher, active, school_id) values (9, 'Rex', 'Manuello', 'rmanuello8', 'snyppK', '1990-01-06', '3136937869', 'rmanuello8@flavors.me', 1, 1, 2);
insert into members (card_id, first_name, last_name, username, passcode, birthday, phone, email, teacher, active, school_id) values (10, 'Alf', 'Antonutti', 'aantonutti9', '8DZYIRClXXL3', '1961-08-18', '3585000618', 'aantonutti9@ucla.edu', 1, 1, 3);
insert into members (card_id, first_name, last_name, username, passcode, birthday, phone, email, teacher, active, school_id) values (11, 'Sally', 'Reeder', 'sreedera', '5sJIq5GtuC', '1993-06-06', '8121205173', 'sreedera@feedburner.com', 1, 1, 5);
insert into members (card_id, first_name, last_name, username, passcode, birthday, phone, email, teacher, active, school_id) values (12, 'Suzy', 'McArtan', 'smcartanb', 'E9O1NU2E0hb', '1979-11-11', '4997049878', 'smcartanb@blogtalkradio.com', 1, 1, 1);
insert into members (card_id, first_name, last_name, username, passcode, birthday, phone, email, teacher, active, school_id) values (13, 'Gaspar', 'Labbet', 'glabbetc', 'c6oo2I3a', '1980-03-16', '2064417222', 'glabbetc@psu.edu', 1, 1, 2);
insert into members (card_id, first_name, last_name, username, passcode, birthday, phone, email, teacher, active, school_id) values (14, 'Heda', 'Flipsen', 'hflipsend', 'uWl5L3A2c1', '1998-02-28', '1305030445', 'hflipsend@yandex.ru', 1, 1, 2);
insert into members (card_id, first_name, last_name, username, passcode, birthday, phone, email, teacher, active, school_id) values (15, 'Stacy', 'Marxsen', 'smarxsene', '0zNTkz', '1974-10-06', '9812225874', 'smarxsene@mac.com', 1, 1, 4);
insert into members (card_id, first_name, last_name, username, passcode, birthday, phone, email, teacher, active, school_id) values (16, 'Kania', 'Jahn', 'kjahnf', 'TpenakbX5', '1994-12-06', '5889279274', 'kjahnf@vimeo.com', 1, 1, 3);
insert into members (card_id, first_name, last_name, username, passcode, birthday, phone, email, teacher, active, school_id) values (17, 'Gardner', 'MacCrossan', 'teacher', 'teacher', '1983-01-20', '5583189035', 'gmaccrossang@discovery.com', 1, 1, 2);
insert into members (card_id, first_name, last_name, username, passcode, birthday, phone, email, teacher, active, school_id) values (18, 'Gennifer', 'Brinsford', 'gbrinsfordh', 'Kfqfy3nEXrM7', '1983-11-24', '6644970346', 'gbrinsfordh@yolasite.com', 1, 1, 5);
insert into members (card_id, first_name, last_name, username, passcode, birthday, phone, email, teacher, active, school_id) values (19, 'Rawley', 'Roseveare', 'rrosevearei', 'eWYrRnwp8', '1991-04-12', '6842749544', 'rrosevearei@google.pl', 1, 1, 1);
insert into members (card_id, first_name, last_name, username, passcode, birthday, phone, email, teacher, active, school_id) values (20, 'Erroll', 'Jochanany', 'ejochananyj', 'Fa80fNjLj', '1964-03-20', '5803089749', 'ejochananyj@jimdo.com', 1, 1, 1);
insert into members (card_id, first_name, last_name, username, passcode, birthday, phone, email, teacher, active, school_id) values (21, 'Rosemary', 'Tierny', 'rtierny0', '53yab1ZLC55W', '1982-06-01', '4201566597', 'rtierny0@hubpages.com', 1, 1, 1);
insert into members (card_id, first_name, last_name, username, passcode, birthday, phone, email, teacher, active, school_id) values (22, 'Johann', 'St. Paul', 'jstpaul1', 'ioruu5ZkZhr', '1966-04-15', '5982013214', 'jstpaul1@noaa.gov', 1, 1, 4);
insert into members (card_id, first_name, last_name, username, passcode, birthday, phone, email, teacher, active, school_id) values (23, 'Barbara', 'Crabb', 'bcrabb2', '9mqJmDJ2GbiP', '1984-07-16', '6947096723', 'bcrabb2@mediafire.com', 1, 1, 3);
insert into members (card_id, first_name, last_name, username, passcode, birthday, phone, email, teacher, active, school_id) values (24, 'Thorn', 'Spadoni', 'tspadoni3', '1cM9WuOKa', '1977-01-27', '1385935377', 'tspadoni3@hhs.gov', 1, 1, 3);
insert into members (card_id, first_name, last_name, username, passcode, birthday, phone, email, teacher, active, school_id) values (25, 'Beck', 'Elfes', 'belfes4', 'UJ9oOrT', '1976-07-02', '3132549423', 'belfes4@gmpg.org', 1, 1, 3);
insert into members (card_id, first_name, last_name, username, passcode, birthday, phone, email, teacher, active, school_id) values (26, 'Jay', 'Hartin', 'jhartin0', 'oHYej2BuhYJ', '2011-11-15', '9851105477', 'jhartin0@kickstarter.com', 0, 1, 3);
insert into members (card_id, first_name, last_name, username, passcode, birthday, phone, email, teacher, active, school_id) values (27, 'Averell', 'Vanni', 'avanni1', '5zG3ApjU', '2010-12-04', '6582720775', 'avanni1@rambler.ru', 0, 1, 1);
insert into members (card_id, first_name, last_name, username, passcode, birthday, phone, email, teacher, active, school_id) values (28, 'Tani', 'Pitson', 'tpitson2', 'ZNhckIBIWD', '2010-01-15', '6373228303', 'tpitson2@mediafire.com', 0, 1, 4);
insert into members (card_id, first_name, last_name, username, passcode, birthday, phone, email, teacher, active, school_id) values (29, 'Garik', 'Dimitriades', 'gdimitriades3', '5AOtIFrNoi', '2011-05-13', '1619594132', 'gdimitriades3@wunderground.com', 0, 1, 4);
insert into members (card_id, first_name, last_name, username, passcode, birthday, phone, email, teacher, active, school_id) values (30, 'Beatrice', 'Neathway', 'bneathway4', 'ytr7F6GnW', '2009-09-24', '1419656194', 'bneathway4@webnode.com', 0, 1, 2);
insert into members (card_id, first_name, last_name, username, passcode, birthday, phone, email, teacher, active, school_id) values (31, 'Adelind', 'Lasham', 'alasham5', 'OliVl6S4gGtE', '2010-03-18', '7173497960', 'alasham5@mashable.com', 0, 1, 3);
insert into members (card_id, first_name, last_name, username, passcode, birthday, phone, email, teacher, active, school_id) values (32, 'Adelind', 'Beardsall', 'abeardsall6', 'hWRskZ0u', '2009-11-19', '2618336024', 'abeardsall6@berkeley.edu', 0, 1, 3);
insert into members (card_id, first_name, last_name, username, passcode, birthday, phone, email, teacher, active, school_id) values (33, 'Robbie', 'Lintott', 'rlintott7', 'ZzFbnVc', '2011-08-10', '2821142418', 'rlintott7@guardian.co.uk', 0, 1, 1);
insert into members (card_id, first_name, last_name, username, passcode, birthday, phone, email, teacher, active, school_id) values (34, 'Rusty', 'Mayberry', 'rmayberry8', 'Nhwvrq', '2006-04-22', '1396100317', 'rmayberry8@dyndns.org', 0, 1, 3);
insert into members (card_id, first_name, last_name, username, passcode, birthday, phone, email, teacher, active, school_id) values (35, 'Patricio', 'Folke', 'pfolke9', 'tIMY3Fq7YmVc', '2006-06-09', '5168052602', 'pfolke9@dot.gov', 0, 1, 2);
insert into members (card_id, first_name, last_name, username, passcode, birthday, phone, email, teacher, active, school_id) values (36, 'Merola', 'Pietron', 'mpietrona', 'aJOUXnFv', '2009-11-21', '5862793866', 'mpietrona@dell.com', 0, 1, 5);
insert into members (card_id, first_name, last_name, username, passcode, birthday, phone, email, teacher, active, school_id) values (37, 'Briant', 'Cowie', 'bcowieb', 'JeICVvcG2hdd', '2006-07-26', '3446551306', 'bcowieb@skyrock.com', 0, 1, 4);
insert into members (card_id, first_name, last_name, username, passcode, birthday, phone, email, teacher, active, school_id) values (38, 'Rosa', 'Bradder', 'rbradderc', 'K2PBcrP3YnE', '2009-05-29', '5665226612', 'rbradderc@123-reg.co.uk', 0, 1, 1);
insert into members (card_id, first_name, last_name, username, passcode, birthday, phone, email, teacher, active, school_id) values (39, 'Sven', 'Matchett', 'smatchettd', 'jW1obUhMrhIT', '2008-07-21', '1209873210', 'smatchettd@bluehost.com', 0, 1, 1);
insert into members (card_id, first_name, last_name, username, passcode, birthday, phone, email, teacher, active, school_id) values (40, 'Constancia', 'Marvel', 'cmarvele', 'cQMEbYdOL', '2010-09-29', '6824680544', 'cmarvele@hatena.ne.jp', 0, 1, 5);
insert into members (card_id, first_name, last_name, username, passcode, birthday, phone, email, teacher, active, school_id) values (41, 'Leonerd', 'D''Antoni', 'ldantonif', 'C7bkshjeLma', '2011-11-22', '6645828891', 'ldantonif@nytimes.com', 0, 1, 1);
insert into members (card_id, first_name, last_name, username, passcode, birthday, phone, email, teacher, active, school_id) values (42, 'Graeme', 'Lezemore', 'glezemoreg', 'i4l4D7c4CVRu', '2009-09-13', '5645808582', 'glezemoreg@hatena.ne.jp', 0, 1, 5);
insert into members (card_id, first_name, last_name, username, passcode, birthday, phone, email, teacher, active, school_id) values (43, 'Joanne', 'Ellaway', 'jellawayh', 'WgDUKhG', '2006-10-12', '4414331673', 'jellawayh@fotki.com', 0, 1, 4);
insert into members (card_id, first_name, last_name, username, passcode, birthday, phone, email, teacher, active, school_id) values (44, 'Melesa', 'Cron', 'mcroni', 'lyu50Gp', '2009-12-27', '4855299920', 'mcroni@imgur.com', 0, 1, 2);
insert into members (card_id, first_name, last_name, username, passcode, birthday, phone, email, teacher, active, school_id) values (45, 'Wandie', 'Dietmar', 'wdietmarj', 'JGDIHu', '2006-12-24', '8488305983', 'wdietmarj@seattletimes.com', 0, 1, 3);
insert into members (card_id, first_name, last_name, username, passcode, birthday, phone, email, teacher, active, school_id) values (46, 'Bonnibelle', 'Chitham', 'student', 'student', '2011-05-29', '9519298787', 'bchithamk@wired.com', 0, 1, 3);
insert into members (card_id, first_name, last_name, username, passcode, birthday, phone, email, teacher, active, school_id) values (47, 'Hale', 'O''Harney', 'hoharneyl', '4uhVoq5k', '2009-04-15', '7126260243', 'hoharneyl@hud.gov', 0, 1, 1);
insert into members (card_id, first_name, last_name, username, passcode, birthday, phone, email, teacher, active, school_id) values (48, 'Nero', 'MacNeillie', 'nmacneilliem', 'YHuzA5wlmDT', '2009-07-06', '5123537535', 'nmacneilliem@surveymonkey.com', 0, 1, 1);
insert into members (card_id, first_name, last_name, username, passcode, birthday, phone, email, teacher, active, school_id) values (49, 'Aimil', 'Liley', 'alileyn', '3fkSSuC3', '2009-02-24', '4101802481', 'alileyn@wp.com', 0, 1, 5);
insert into members (card_id, first_name, last_name, username, passcode, birthday, phone, email, teacher, active, school_id) values (50, 'Gabey', 'Glantz', 'gglantzo', 'FPV6eTl8C', '2011-03-18', '5472987516', 'gglantzo@altervista.org', 0, 1, 1);
insert into members (card_id, first_name, last_name, username, passcode, birthday, phone, email, teacher, active, school_id) values (51, 'Weber', 'Tokell', 'wtokellp', 'pKhq5wnt', '2008-02-27', '9928367617', 'wtokellp@state.gov', 0, 1, 2);
insert into members (card_id, first_name, last_name, username, passcode, birthday, phone, email, teacher, active, school_id) values (52, 'Holli', 'Gibberd', 'hgibberdq', 'j7SffM4', '2010-11-17', '4666701526', 'hgibberdq@patch.com', 0, 1, 1);
insert into members (card_id, first_name, last_name, username, passcode, birthday, phone, email, teacher, active, school_id) values (53, 'Lisa', 'Cranke', 'lcranker', 'ZzTzCLKt8E', '2006-06-18', '6734980983', 'lcranker@marketwatch.com', 0, 1, 4);
insert into members (card_id, first_name, last_name, username, passcode, birthday, phone, email, teacher, active, school_id) values (54, 'Esmaria', 'Klimentyonok', 'eklimentyonoks', 'PT0UUEEGzy1', '2006-10-31', '8539384535', 'eklimentyonoks@marriott.com', 0, 1, 2);
insert into members (card_id, first_name, last_name, username, passcode, birthday, phone, email, teacher, active, school_id) values (55, 'Barbe', 'Cayzer', 'bcayzert', 'mSKVAabKx3f', '2009-12-26', '6902413637', 'bcayzert@ezinearticles.com', 0, 1, 3);
insert into members (card_id, first_name, last_name, username, passcode, birthday, phone, email, teacher, active, school_id) values (56, 'Fulvia', 'Holley', 'fholley', 'ifewofhqw', '2011-04-27', '1963352713', 'fholleyu@mozilla.org', 0, 1, 1);
insert into members (card_id, first_name, last_name, username, passcode, birthday, phone, email, teacher, active, school_id) values (57, 'Portia', 'Albon', 'palbonv', 'y5VJC5MXYeC', '2009-06-01', '2248442951', 'palbonv@xing.com', 0, 1, 3);
insert into members (card_id, first_name, last_name, username, passcode, birthday, phone, email, teacher, active, school_id) values (58, 'Laurella', 'Smallridge', 'lsmallridgew', 'l9UEbVj6pwo', '2010-10-12', '4477524989', 'lsmallridgew@noaa.gov', 0, 1, 1);
insert into members (card_id, first_name, last_name, username, passcode, birthday, phone, email, teacher, active, school_id) values (59, 'Lind', 'Cuttell', 'lcuttellx', 'Sp1yQcp', '2007-01-11', '2801415469', 'lcuttellx@mit.edu', 0, 1, 4);
insert into members (card_id, first_name, last_name, username, passcode, birthday, phone, email, teacher, active, school_id) values (60, 'Lisha', 'Seagood', 'lseagoody', 'lovQ0d6', '2007-04-21', '5667409377', 'lseagoody@netscape.com', 0, 1, 3);
insert into members (card_id, first_name, last_name, username, passcode, birthday, phone, email, teacher, active, school_id) values (61, 'Dorree', 'Longwood', 'dlongwoodz', 'ElMZ0V', '2007-02-20', '2352103214', 'dlongwoodz@altervista.org', 0, 1, 2);
insert into members (card_id, first_name, last_name, username, passcode, birthday, phone, email, teacher, active, school_id) values (62, 'Sherm', 'Antosch', 'santosch10', '833Ybs', '2007-02-13', '4706790524', 'santosch10@ucla.edu', 0, 1, 2);
insert into members (card_id, first_name, last_name, username, passcode, birthday, phone, email, teacher, active, school_id) values (63, 'Bartie', 'Oldcroft', 'boldcroft11', 'sJxYSDcmLicX', '2008-12-14', '3185155434', 'boldcroft11@cafepress.com', 0, 1, 1);
insert into members (card_id, first_name, last_name, username, passcode, birthday, phone, email, teacher, active, school_id) values (64, 'Guillema', 'Braxay', 'gbraxay12', 'Al548UyM6C', '2010-08-04', '2496888815', 'gbraxay12@yale.edu', 0, 1, 1);
insert into members (card_id, first_name, last_name, username, passcode, birthday, phone, email, teacher, active, school_id) values (65, 'Noak', 'Moules', 'nmoules13', 'nJyaIHMI', '2007-07-28', '7999108915', 'nmoules13@free.fr', 0, 1, 4);
insert into members (card_id, first_name, last_name, username, passcode, birthday, phone, email, teacher, active, school_id) values (66, 'Juliana', 'Jacobsohn', 'jjacobsohn14', 'RQHcqJXnm', '2007-11-19', '5421080272', 'jjacobsohn14@eepurl.com', 0, 1, 2);
insert into members (card_id, first_name, last_name, username, passcode, birthday, phone, email, teacher, active, school_id) values (67, 'Maxy', 'Dutson', 'mdutson15', 'H32hQmDMbQ', '2007-04-11', '3126398474', 'mdutson15@istockphoto.com', 0, 1, 5);
insert into members (card_id, first_name, last_name, username, passcode, birthday, phone, email, teacher, active, school_id) values (68, 'Marquita', 'Sallter', 'msallter16', 'PkidVlu0zrG', '2006-01-14', '3879928455', 'msallter16@hud.gov', 0, 1, 2);
insert into members (card_id, first_name, last_name, username, passcode, birthday, phone, email, teacher, active, school_id) values (69, 'Hakim', 'Thorn', 'hthorn17', 'Qg2BD6I', '2011-08-03', '1366982797', 'hthorn17@angelfire.com', 0, 1, 2);
insert into members (card_id, first_name, last_name, username, passcode, birthday, phone, email, teacher, active, school_id) values (70, 'Neille', 'Forster', 'nforster18', 'nhGTmAs14SM', '2010-08-16', '3015521186', 'nforster18@webs.com', 0, 1, 5);

-- principals

insert into principals (principal_id, school_id, last_name, first_name) values (1, 1, 'Guyver', 'Isis');
insert into principals (principal_id, school_id, last_name, first_name) values (2, 2, 'Blader', 'Ophelie');
insert into principals (principal_id, school_id, last_name, first_name) values (3, 3, 'Casale', 'Leah');
insert into principals (principal_id, school_id, last_name, first_name) values (4, 4, 'Hourihane', 'Marcelo');
insert into principals (principal_id, school_id, last_name, first_name) values (5, 5, 'Ganderton', 'Brod');

-- books

insert into books (ISBN, title, lang, page_number, publisher) values (9934942670001, 'Blood Meridian', 'Catalan', 182, 'HarperCollins');
insert into books (ISBN, title, lang, page_number, publisher) values (9934942670002, 'Love in the Time of Cholera', 'Catalan', 985, 'HarperCollins');
insert into books (ISBN, title, lang, page_number, publisher) values (9934942670003, 'The God of Small Things', 'Filipino', 687, 'Bloomsbury Publishing');
insert into books (ISBN, title, lang, page_number, publisher) values (9934942670004, 'The Lion', 'Lithuanian', 541, 'HarperCollins');
insert into books (ISBN, title, lang, page_number, publisher) values (9934942670005, 'Cat''s Cradle', 'Macedonian', 605, 'HarperCollins');
insert into books (ISBN, title, lang, page_number, publisher) values (9934942670006, 'Pride and Prejudice', 'Tajik', 867, 'Macmillan Publishers');
insert into books (ISBN, title, lang, page_number, publisher) values (9934942670007, 'The Adventures of Huckleberry Finn', 'German', 703, 'Hachette Book Group');
insert into books (ISBN, title, lang, page_number, publisher) values (9934942670008, 'The Hunger Games', 'Latvian', 981, 'Hachette Book Group');
insert into books (ISBN, title, lang, page_number, publisher) values (9934942670009, 'The Invisible Man', 'Zulu', 564, 'Scholastic Corporation');
insert into books (ISBN, title, lang, page_number, publisher) values (9934942670010, 'The Green Mile', 'Dari', 871, 'Macmillan Publishers');
insert into books (ISBN, title, lang, page_number, publisher) values (9934942670011, 'The War of the Worlds', 'Telugu', 862, 'Macmillan Publishers');
insert into books (ISBN, title, lang, page_number, publisher) values (9934942670012, 'East of Eden', 'Thai', 667, 'Penguin Random House');
insert into books (ISBN, title, lang, page_number, publisher) values (9934942670013, 'War and Peace', 'Swati', 569, 'Macmillan Publishers');
insert into books (ISBN, title, lang, page_number, publisher) values (9934942670014, 'The Great Gatsby', 'Ndebele', 916, 'Hachette Book Group');
insert into books (ISBN, title, lang, page_number, publisher) values (9934942670015, 'The Catcher in the Rye', 'Swedish', 87, 'Simon & Schuster');
insert into books (ISBN, title, lang, page_number, publisher) values (9934942670016, 'The Girl with the Dragon Tattoo', 'Ndebele', 532, 'Macmillan Publishers');
insert into books (ISBN, title, lang, page_number, publisher) values (9934942670017, 'Sense and Sensibility', 'Swati', 62, 'Simon & Schuster');
insert into books (ISBN, title, lang, page_number, publisher) values (9934942670018, 'The Invisible Man', 'Bengali', 720, 'Bloomsbury Publishing');
insert into books (ISBN, title, lang, page_number, publisher) values (9934942670019, 'The Island of Dr. Moreau', 'Nepali', 770, 'Hachette Book Group');
insert into books (ISBN, title, lang, page_number, publisher) values (9934942670020, 'The Name of the Rose', 'Papiamento', 647, 'Scholastic Corporation');
insert into books (ISBN, title, lang, page_number, publisher) values (9934942670021, 'The Stand', 'Yiddish', 612, 'Bloomsbury Publishing');
insert into books (ISBN, title, lang, page_number, publisher) values (9934942670022, 'Inferno', 'Malagasy', 361, 'Bloomsbury Publishing');
insert into books (ISBN, title, lang, page_number, publisher) values (9934942670023, 'The Road', 'Albanian', 871, 'Bloomsbury Publishing');
insert into books (ISBN, title, lang, page_number, publisher) values (9934942670024, 'The Hitchhiker''s Guide to the Galaxy', 'Maltese', 686, 'Bloomsbury Publishing');
insert into books (ISBN, title, lang, page_number, publisher) values (9934942670025, 'The Bourne Identity', 'Luxembourgish', 239, 'HarperCollins');
insert into books (ISBN, title, lang, page_number, publisher) values (9934942670026, 'The Bell Jar', 'Romanian', 464, 'Penguin Random House');
insert into books (ISBN, title, lang, page_number, publisher) values (9934942670027, 'The Hobbit', 'Dzongkha', 842, 'Hachette Book Group');
insert into books (ISBN, title, lang, page_number, publisher) values (9934942670028, 'The Three Musketeers', 'Japanese', 431, 'Penguin Random House');
insert into books (ISBN, title, lang, page_number, publisher) values (9934942670029, 'No Country for Old Men', 'Oriya', 417, 'HarperCollins');
insert into books (ISBN, title, lang, page_number, publisher) values (9934942670030, 'East of Eden', 'Polish', 197, 'Hachette Book Group');
insert into books (ISBN, title, lang, page_number, publisher) values (9934942670031, 'Inferno', 'Maltese', 573, 'Pearson Education');
insert into books (ISBN, title, lang, page_number, publisher) values (9934942670032, 'The Time Machine', 'Quechua', 470, 'Penguin Random House');
insert into books (ISBN, title, lang, page_number, publisher) values (9934942670033, 'The Bourne Supremacy', 'Swahili', 640, 'Bloomsbury Publishing');
insert into books (ISBN, title, lang, page_number, publisher) values (9934942670034, 'Death on the Nile', 'Albanian', 698, 'Pearson Education');
insert into books (ISBN, title, lang, page_number, publisher) values (9934942670035, 'White Fang', 'Swati', 488, 'Scholastic Corporation');
insert into books (ISBN, title, lang, page_number, publisher) values (9934942670036, 'No Country for Old Men', 'West Frisian', 844, 'Bloomsbury Publishing');
insert into books (ISBN, title, lang, page_number, publisher) values (9934942670037, 'The Testaments', 'Bengali', 679, 'Bloomsbury Publishing');
insert into books (ISBN, title, lang, page_number, publisher) values (9934942670038, 'The Hobbit', 'Swati', 569, 'Scholastic Corporation');
insert into books (ISBN, title, lang, page_number, publisher) values (9934942670039, 'The Shining', 'Dzongkha', 384, 'Macmillan Publishers');
insert into books (ISBN, title, lang, page_number, publisher) values (9934942670040, 'Animal Farm', 'Papiamento', 733, 'Penguin Random House');
insert into books (ISBN, title, lang, page_number, publisher) values (9934942670041, 'The Time Machine', 'English', 129, 'Scholastic Corporation');
insert into books (ISBN, title, lang, page_number, publisher) values (9934942670042, 'The Lost Symbol', 'French', 39, 'Hachette Book Group');
insert into books (ISBN, title, lang, page_number, publisher) values (9934942670043, 'The Sun Also Rises', 'Danish', 226, 'Simon & Schuster');
insert into books (ISBN, title, lang, page_number, publisher) values (9934942670044, 'Hannibal', 'Sotho', 134, 'Penguin Random House');
insert into books (ISBN, title, lang, page_number, publisher) values (9934942670045, 'The Invisible Man', 'Burmese', 592, 'Hachette Book Group');
insert into books (ISBN, title, lang, page_number, publisher) values (9934942670046, 'The Dark Tower', 'Dzongkha', 157, 'HarperCollins');
insert into books (ISBN, title, lang, page_number, publisher) values (9934942670047, 'The Island of Dr. Moreau', 'Gujarati', 895, 'Simon & Schuster');
insert into books (ISBN, title, lang, page_number, publisher) values (9934942670048, 'The Silence of the Lambs', 'Korean', 983, 'Penguin Random House');
insert into books (ISBN, title, lang, page_number, publisher) values (9934942670049, 'The Sun Also Rises', 'Swati', 160, 'Bloomsbury Publishing');
insert into books (ISBN, title, lang, page_number, publisher) values (9934942670050, 'The Testaments', 'Catalan', 892, 'Macmillan Publishers');
insert into books (ISBN, title, lang, page_number, publisher) values (9934942670051, '1984', 'Catalan', 31, 'Macmillan Publishers');
insert into books (ISBN, title, lang, page_number, publisher) values (9934942670052, 'Of Mice and Men', 'Dutch', 490, 'Pearson Education');
insert into books (ISBN, title, lang, page_number, publisher) values (9934942670053, 'Twelve Angry Men', 'Telugu', 674, 'Scholastic Corporation');
insert into books (ISBN, title, lang, page_number, publisher) values (9934942670054, 'For Whom the Bell Tolls', 'Estonian', 691, 'Hachette Book Group');
insert into books (ISBN, title, lang, page_number, publisher) values (9934942670055, 'The Da Vinci Code', 'Afrikaans', 841, 'Penguin Random House');
insert into books (ISBN, title, lang, page_number, publisher) values (9934942670056, 'Crime and Punishment', 'Yiddish', 85, 'Macmillan Publishers');
insert into books (ISBN, title, lang, page_number, publisher) values (9934942670057, 'The Lord of the Rings', 'Moldovan', 674, 'Hachette Book Group');
insert into books (ISBN, title, lang, page_number, publisher) values (9934942670058, 'Around the World in 80 Days', 'Norwegian', 432, 'Pearson Education');
insert into books (ISBN, title, lang, page_number, publisher) values (9934942670059, 'The Brothers Karamazov', 'Georgian', 116, 'Pearson Education');
insert into books (ISBN, title, lang, page_number, publisher) values (9934942670060, 'The Old Man and the Sea', 'Tswana', 606, 'Bloomsbury Publishing');
insert into books (ISBN, title, lang, page_number, publisher) values (9934942670061, 'It', 'Afrikaans', 991, 'Simon & Schuster');
insert into books (ISBN, title, lang, page_number, publisher) values (9934942670062, 'The Adventures of Tom Sawyer', 'Romanian', 636, 'Penguin Random House');
insert into books (ISBN, title, lang, page_number, publisher) values (9934942670063, 'Blood Meridian', 'Hindi', 494, 'Simon & Schuster');
insert into books (ISBN, title, lang, page_number, publisher) values (9934942670064, 'The Trial', 'Maltese', 92, 'Bloomsbury Publishing');
insert into books (ISBN, title, lang, page_number, publisher) values (9934942670065, 'The Bell Jar', 'Persian', 778, 'Simon & Schuster');
insert into books (ISBN, title, lang, page_number, publisher) values (9934942670066, 'The Adventures of Huckleberry Finn', 'Norwegian', 266, 'Simon & Schuster');
insert into books (ISBN, title, lang, page_number, publisher) values (9934942670067, 'The Island of Dr. Moreau', 'Bengali', 35, 'Scholastic Corporation');
insert into books (ISBN, title, lang, page_number, publisher) values (9934942670068, '20,000 Leagues Under the Sea', 'Azeri', 932, 'Simon & Schuster');
insert into books (ISBN, title, lang, page_number, publisher) values (9934942670069, 'Origin', 'Oriya', 870, 'Pearson Education');
insert into books (ISBN, title, lang, page_number, publisher) values (9934942670070, 'The Picture of Dorian Gray', 'Malayalam', 697, 'Scholastic Corporation');

-- copies

insert into copies (ISBN, school_id, total_copies) values (9934942670046, 2, 3);
insert into copies (ISBN, school_id, total_copies) values (9934942670032, 1, 1);
insert into copies (ISBN, school_id, total_copies) values (9934942670008, 4, 13);
insert into copies (ISBN, school_id, total_copies) values (9934942670065, 3, 7);
insert into copies (ISBN, school_id, total_copies) values (9934942670049, 1, 7);
insert into copies (ISBN, school_id, total_copies) values (9934942670027, 5, 12);
insert into copies (ISBN, school_id, total_copies) values (9934942670040, 4, 4);
insert into copies (ISBN, school_id, total_copies) values (9934942670060, 2, 1);
insert into copies (ISBN, school_id, total_copies) values (9934942670031, 4, 8);
insert into copies (ISBN, school_id, total_copies) values (9934942670059, 3, 10);
insert into copies (ISBN, school_id, total_copies) values (9934942670008, 1, 10);
insert into copies (ISBN, school_id, total_copies) values (9934942670033, 1, 10);
insert into copies (ISBN, school_id, total_copies) values (9934942670018, 5, 11);
insert into copies (ISBN, school_id, total_copies) values (9934942670058, 4, 12);
insert into copies (ISBN, school_id, total_copies) values (9934942670033, 2, 7);
insert into copies (ISBN, school_id, total_copies) values (9934942670042, 3, 7);
insert into copies (ISBN, school_id, total_copies) values (9934942670019, 2, 1);
insert into copies (ISBN, school_id, total_copies) values (9934942670044, 1, 11);
insert into copies (ISBN, school_id, total_copies) values (9934942670045, 2, 4);
insert into copies (ISBN, school_id, total_copies) values (9934942670036, 1, 3);
insert into copies (ISBN, school_id, total_copies) values (9934942670037, 5, 3);
insert into copies (ISBN, school_id, total_copies) values (9934942670011, 2, 15);
insert into copies (ISBN, school_id, total_copies) values (9934942670035, 5, 7);
insert into copies (ISBN, school_id, total_copies) values (9934942670053, 5, 8);
insert into copies (ISBN, school_id, total_copies) values (9934942670053, 1, 14);
insert into copies (ISBN, school_id, total_copies) values (9934942670038, 2, 9);
insert into copies (ISBN, school_id, total_copies) values (9934942670067, 2, 12);
insert into copies (ISBN, school_id, total_copies) values (9934942670030, 3, 14);
insert into copies (ISBN, school_id, total_copies) values (9934942670003, 3, 13);
insert into copies (ISBN, school_id, total_copies) values (9934942670008, 2, 3);
insert into copies (ISBN, school_id, total_copies) values (9934942670018, 3, 2);
insert into copies (ISBN, school_id, total_copies) values (9934942670048, 3, 9);
insert into copies (ISBN, school_id, total_copies) values (9934942670001, 4, 12);
insert into copies (ISBN, school_id, total_copies) values (9934942670043, 4, 11);
insert into copies (ISBN, school_id, total_copies) values (9934942670044, 3, 5);
insert into copies (ISBN, school_id, total_copies) values (9934942670021, 2, 12);
insert into copies (ISBN, school_id, total_copies) values (9934942670008, 3, 12);
insert into copies (ISBN, school_id, total_copies) values (9934942670054, 1, 3);
insert into copies (ISBN, school_id, total_copies) values (9934942670001, 5, 7);
insert into copies (ISBN, school_id, total_copies) values (9934942670020, 2, 14);
insert into copies (ISBN, school_id, total_copies) values (9934942670029, 5, 2);
insert into copies (ISBN, school_id, total_copies) values (9934942670053, 4, 4);
insert into copies (ISBN, school_id, total_copies) values (9934942670016, 5, 10);
insert into copies (ISBN, school_id, total_copies) values (9934942670005, 2, 3);
insert into copies (ISBN, school_id, total_copies) values (9934942670063, 3, 3);
insert into copies (ISBN, school_id, total_copies) values (9934942670026, 1, 4);
insert into copies (ISBN, school_id, total_copies) values (9934942670047, 3, 2);
insert into copies (ISBN, school_id, total_copies) values (9934942670065, 4, 12);
insert into copies (ISBN, school_id, total_copies) values (9934942670059, 1, 9);
insert into copies (ISBN, school_id, total_copies) values (9934942670068, 5, 7);
insert into copies (ISBN, school_id, total_copies) values (9934942670057, 2, 8);
insert into copies (ISBN, school_id, total_copies) values (9934942670052, 1, 9);
insert into copies (ISBN, school_id, total_copies) values (9934942670022, 3, 9);
insert into copies (ISBN, school_id, total_copies) values (9934942670030, 4, 10);
insert into copies (ISBN, school_id, total_copies) values (9934942670034, 1, 9);
insert into copies (ISBN, school_id, total_copies) values (9934942670028, 5, 2);
insert into copies (ISBN, school_id, total_copies) values (9934942670057, 5, 9);
insert into copies (ISBN, school_id, total_copies) values (9934942670062, 3, 6);
insert into copies (ISBN, school_id, total_copies) values (9934942670019, 3, 11);
insert into copies (ISBN, school_id, total_copies) values (9934942670015, 5, 10);
insert into copies (ISBN, school_id, total_copies) values (9934942670012, 1, 11);
insert into copies (ISBN, school_id, total_copies) values (9934942670070, 3, 4);
insert into copies (ISBN, school_id, total_copies) values (9934942670034, 2, 3);
insert into copies (ISBN, school_id, total_copies) values (9934942670069, 1, 7);
insert into copies (ISBN, school_id, total_copies) values (9934942670044, 4, 1);
insert into copies (ISBN, school_id, total_copies) values (9934942670054, 4, 15);
insert into copies (ISBN, school_id, total_copies) values (9934942670056, 5, 7);
insert into copies (ISBN, school_id, total_copies) values (9934942670023, 1, 1);
insert into copies (ISBN, school_id, total_copies) values (9934942670025, 2, 15);
insert into copies (ISBN, school_id, total_copies) values (9934942670013, 1, 12);
insert into copies (ISBN, school_id, total_copies) values (9934942670052, 5, 12);
insert into copies (ISBN, school_id, total_copies) values (9934942670009, 3, 10);
insert into copies (ISBN, school_id, total_copies) values (9934942670038, 3, 2);
insert into copies (ISBN, school_id, total_copies) values (9934942670060, 1, 11);
insert into copies (ISBN, school_id, total_copies) values (9934942670055, 5, 4);
insert into copies (ISBN, school_id, total_copies) values (9934942670024, 3, 13);
insert into copies (ISBN, school_id, total_copies) values (9934942670066, 2, 7);
insert into copies (ISBN, school_id, total_copies) values (9934942670014, 2, 2);
insert into copies (ISBN, school_id, total_copies) values (9934942670064, 2, 12);
insert into copies (ISBN, school_id, total_copies) values (9934942670061, 5, 15);
insert into copies (ISBN, school_id, total_copies) values (9934942670058, 1, 6);
insert into copies (ISBN, school_id, total_copies) values (9934942670035, 4, 7);
insert into copies (ISBN, school_id, total_copies) values (9934942670038, 4, 10);
insert into copies (ISBN, school_id, total_copies) values (9934942670007, 1, 6);
insert into copies (ISBN, school_id, total_copies) values (9934942670062, 1, 7);
insert into copies (ISBN, school_id, total_copies) values (9934942670068, 2, 4);
insert into copies (ISBN, school_id, total_copies) values (9934942670001, 1, 5);
insert into copies (ISBN, school_id, total_copies) values (9934942670011, 5, 8);
insert into copies (ISBN, school_id, total_copies) values (9934942670002, 1, 10);
insert into copies (ISBN, school_id, total_copies) values (9934942670004, 5, 4);
insert into copies (ISBN, school_id, total_copies) values (9934942670013, 4, 9);
insert into copies (ISBN, school_id, total_copies) values (9934942670004, 3, 2);
insert into copies (ISBN, school_id, total_copies) values (9934942670048, 1, 4);
insert into copies (ISBN, school_id, total_copies) values (9934942670003, 1, 1);
insert into copies (ISBN, school_id, total_copies) values (9934942670006, 3, 1);
insert into copies (ISBN, school_id, total_copies) values (9934942670002, 5, 1);
insert into copies (ISBN, school_id, total_copies) values (9934942670041, 5, 1);
insert into copies (ISBN, school_id, total_copies) values (9934942670032, 4, 7);
insert into copies (ISBN, school_id, total_copies) values (9934942670006, 4, 7);
insert into copies (ISBN, school_id, total_copies) values (9934942670061, 2, 3);
insert into copies (ISBN, school_id, total_copies) values (9934942670061, 4, 1);
insert into copies (ISBN, school_id, total_copies) values (9934942670047, 5, 3);
insert into copies (ISBN, school_id, total_copies) values (9934942670047, 2, 13);
insert into copies (ISBN, school_id, total_copies) values (9934942670010, 3, 15);
insert into copies (ISBN, school_id, total_copies) values (9934942670050, 4, 4);
insert into copies (ISBN, school_id, total_copies) values (9934942670029, 2, 9);
insert into copies (ISBN, school_id, total_copies) values (9934942670055, 3, 2);
insert into copies (ISBN, school_id, total_copies) values (9934942670065, 1, 8);
insert into copies (ISBN, school_id, total_copies) values (9934942670006, 5, 14);
insert into copies (ISBN, school_id, total_copies) values (9934942670046, 5, 2);
insert into copies (ISBN, school_id, total_copies) values (9934942670055, 1, 10);
insert into copies (ISBN, school_id, total_copies) values (9934942670027, 3, 15);
insert into copies (ISBN, school_id, total_copies) values (9934942670054, 5, 4);
insert into copies (ISBN, school_id, total_copies) values (9934942670020, 3, 5);
insert into copies (ISBN, school_id, total_copies) values (9934942670061, 3, 10);
insert into copies (ISBN, school_id, total_copies) values (9934942670067, 4, 14);
insert into copies (ISBN, school_id, total_copies) values (9934942670004, 4, 6);
insert into copies (ISBN, school_id, total_copies) values (9934942670020, 4, 14);
insert into copies (ISBN, school_id, total_copies) values (9934942670046, 3, 4);
insert into copies (ISBN, school_id, total_copies) values (9934942670049, 2, 1);
insert into copies (ISBN, school_id, total_copies) values (9934942670048, 5, 13);
insert into copies (ISBN, school_id, total_copies) values (9934942670021, 3, 3);
insert into copies (ISBN, school_id, total_copies) values (9934942670017, 4, 2);
insert into copies (ISBN, school_id, total_copies) values (9934942670017, 5, 3);
insert into copies (ISBN, school_id, total_copies) values (9934942670039, 1, 11);
insert into copies (ISBN, school_id, total_copies) values (9934942670061, 1, 3);
insert into copies (ISBN, school_id, total_copies) values (9934942670053, 3, 13);
insert into copies (ISBN, school_id, total_copies) values (9934942670059, 5, 8);
insert into copies (ISBN, school_id, total_copies) values (9934942670051, 4, 11);
insert into copies (ISBN, school_id, total_copies) values (9934942670051, 1, 7);

-- authors

insert into authors (author_id, ISBN, first_name, last_name) values (1, 9934942670051, 'Ives', 'Hellmer');
insert into authors (author_id, ISBN, first_name, last_name) values (1, 9934942670038, 'Ives', 'Hellmer');
insert into authors (author_id, ISBN, first_name, last_name) values (1, 9934942670061, 'Ives', 'Hellmer');
insert into authors (author_id, ISBN, first_name, last_name) values (1, 9934942670002, 'Ives', 'Hellmer');
insert into authors (author_id, ISBN, first_name, last_name) values (1, 9934942670049, 'Ives', 'Hellmer');
insert into authors (author_id, ISBN, first_name, last_name) values (1, 9934942670065, 'Ives', 'Hellmer');
insert into authors (author_id, ISBN, first_name, last_name) values (1, 9934942670062, 'Ives', 'Hellmer');
insert into authors (author_id, ISBN, first_name, last_name) values (1, 9934942670006, 'Ives', 'Hellmer');
insert into authors (author_id, ISBN, first_name, last_name) values (2, 9934942670051, 'Foster', 'Gell');
insert into authors (author_id, ISBN, first_name, last_name) values (2, 9934942670061, 'Foster', 'Gell');
insert into authors (author_id, ISBN, first_name, last_name) values (2, 9934942670067, 'Foster', 'Gell');
insert into authors (author_id, ISBN, first_name, last_name) values (2, 9934942670042, 'Foster', 'Gell');
insert into authors (author_id, ISBN, first_name, last_name) values (3, 9934942670001, 'Saidee', 'Hurkett');
insert into authors (author_id, ISBN, first_name, last_name) values (3, 9934942670017, 'Saidee', 'Hurkett');
insert into authors (author_id, ISBN, first_name, last_name) values (3, 9934942670035, 'Saidee', 'Hurkett');
insert into authors (author_id, ISBN, first_name, last_name) values (3, 9934942670038, 'Saidee', 'Hurkett');
insert into authors (author_id, ISBN, first_name, last_name) values (4, 9934942670032, 'Luciano', 'Skedgell');
insert into authors (author_id, ISBN, first_name, last_name) values (4, 9934942670047, 'Luciano', 'Skedgell');
insert into authors (author_id, ISBN, first_name, last_name) values (4, 9934942670061, 'Luciano', 'Skedgell');
insert into authors (author_id, ISBN, first_name, last_name) values (5, 9934942670002, 'Zerk', 'Richardson');
insert into authors (author_id, ISBN, first_name, last_name) values (6, 9934942670049, 'Joelie', 'Pallister');
insert into authors (author_id, ISBN, first_name, last_name) values (7, 9934942670065, 'Tony', 'Sustins');
insert into authors (author_id, ISBN, first_name, last_name) values (8, 9934942670062, 'Wrennie', 'Fuidge');
insert into authors (author_id, ISBN, first_name, last_name) values (9, 9934942670061, 'Nelia', 'Hanhardt');
insert into authors (author_id, ISBN, first_name, last_name) values (10, 9934942670006, 'Lauritz', 'Sich');
insert into authors (author_id, ISBN, first_name, last_name) values (11, 9934942670022, 'Lolly', 'Hayen');
insert into authors (author_id, ISBN, first_name, last_name) values (12, 9934942670050, 'Che', 'Hassey');
insert into authors (author_id, ISBN, first_name, last_name) values (13, 9934942670010, 'Shem', 'Windram');
insert into authors (author_id, ISBN, first_name, last_name) values (14, 9934942670044, 'Bernadina', 'Lindell');
insert into authors (author_id, ISBN, first_name, last_name) values (15, 9934942670030, 'Marina', 'Nafzger');
insert into authors (author_id, ISBN, first_name, last_name) values (16, 9934942670036, 'Marlowe', 'Iacavone');
insert into authors (author_id, ISBN, first_name, last_name) values (17, 9934942670031, 'Darsey', 'Samweyes');
insert into authors (author_id, ISBN, first_name, last_name) values (18, 9934942670063, 'Lindy', 'Gohn');
insert into authors (author_id, ISBN, first_name, last_name) values (19, 9934942670035, 'Loralee', 'Wartnaby');
insert into authors (author_id, ISBN, first_name, last_name) values (20, 9934942670010, 'Annadiane', 'Kinworthy');
insert into authors (author_id, ISBN, first_name, last_name) values (21, 9934942670019, 'Katrine', 'Labdon');
insert into authors (author_id, ISBN, first_name, last_name) values (22, 9934942670053, 'Corrie', 'Enrich');
insert into authors (author_id, ISBN, first_name, last_name) values (23, 9934942670064, 'Carmelina', 'Bolstridge');
insert into authors (author_id, ISBN, first_name, last_name) values (24, 9934942670011, 'Lydia', 'Benoiton');
insert into authors (author_id, ISBN, first_name, last_name) values (25, 9934942670024, 'Edward', 'Naismith');
insert into authors (author_id, ISBN, first_name, last_name) values (26, 9934942670047, 'Jami', 'Kirsche');
insert into authors (author_id, ISBN, first_name, last_name) values (27, 9934942670033, 'Red', 'Dameisele');
insert into authors (author_id, ISBN, first_name, last_name) values (28, 9934942670041, 'Kay', 'Gilardoni');
insert into authors (author_id, ISBN, first_name, last_name) values (29, 9934942670036, 'Lanny', 'Guerreru');
insert into authors (author_id, ISBN, first_name, last_name) values (30, 9934942670047, 'Sylvan', 'Sex');
insert into authors (author_id, ISBN, first_name, last_name) values (31, 9934942670009, 'Bathsheba', 'Reddel');
insert into authors (author_id, ISBN, first_name, last_name) values (32, 9934942670009, 'Josepha', 'Asel');
insert into authors (author_id, ISBN, first_name, last_name) values (33, 9934942670037, 'Raynell', 'Vamplers');
insert into authors (author_id, ISBN, first_name, last_name) values (34, 9934942670005, 'Jeannie', 'Bille');
insert into authors (author_id, ISBN, first_name, last_name) values (35, 9934942670060, 'Jacquette', 'Romaine');
insert into authors (author_id, ISBN, first_name, last_name) values (36, 9934942670051, 'Patrick', 'Westby');
insert into authors (author_id, ISBN, first_name, last_name) values (37, 9934942670050, 'Cherie', 'Temporal');
insert into authors (author_id, ISBN, first_name, last_name) values (38, 9934942670068, 'Jo', 'McNamee');
insert into authors (author_id, ISBN, first_name, last_name) values (39, 9934942670047, 'Alleyn', 'Laverock');
insert into authors (author_id, ISBN, first_name, last_name) values (40, 9934942670051, 'Jolee', 'Hendrick');
insert into authors (author_id, ISBN, first_name, last_name) values (41, 9934942670008, 'Juline', 'Haysar');
insert into authors (author_id, ISBN, first_name, last_name) values (42, 9934942670030, 'Federico', 'Calderon');
insert into authors (author_id, ISBN, first_name, last_name) values (43, 9934942670005, 'Junia', 'Simpson');
insert into authors (author_id, ISBN, first_name, last_name) values (44, 9934942670036, 'Winfield', 'Galland');
insert into authors (author_id, ISBN, first_name, last_name) values (45, 9934942670015, 'Anny', 'Fincken');
insert into authors (author_id, ISBN, first_name, last_name) values (46, 9934942670016, 'Sheffie', 'Talby');
insert into authors (author_id, ISBN, first_name, last_name) values (47, 9934942670070, 'Shelton', 'Dawkins');
insert into authors (author_id, ISBN, first_name, last_name) values (48, 9934942670034, 'Mirna', 'Tessington');
insert into authors (author_id, ISBN, first_name, last_name) values (49, 9934942670018, 'Stormie', 'Steven');
insert into authors (author_id, ISBN, first_name, last_name) values (50, 9934942670043, 'Colan', 'Lusty');
insert into authors (author_id, ISBN, first_name, last_name) values (51, 9934942670039, 'Bartram', 'Hartless');
insert into authors (author_id, ISBN, first_name, last_name) values (52, 9934942670001, 'Wat', 'Basketter');
insert into authors (author_id, ISBN, first_name, last_name) values (53, 9934942670004, 'Bar', 'Alesi');
insert into authors (author_id, ISBN, first_name, last_name) values (54, 9934942670067, 'Brade', 'Brozek');
insert into authors (author_id, ISBN, first_name, last_name) values (55, 9934942670015, 'Rita', 'Yelden');
insert into authors (author_id, ISBN, first_name, last_name) values (56, 9934942670001, 'Georgy', 'Passler');
insert into authors (author_id, ISBN, first_name, last_name) values (57, 9934942670031, 'Olia', 'Lello');
insert into authors (author_id, ISBN, first_name, last_name) values (58, 9934942670025, 'Smith', 'Perott');
insert into authors (author_id, ISBN, first_name, last_name) values (59, 9934942670010, 'Keely', 'Grindall');
insert into authors (author_id, ISBN, first_name, last_name) values (60, 9934942670030, 'Ladonna', 'Killiner');
insert into authors (author_id, ISBN, first_name, last_name) values (61, 9934942670006, 'Alaster', 'Meekin');
insert into authors (author_id, ISBN, first_name, last_name) values (62, 9934942670027, 'Glenda', 'Ride');
insert into authors (author_id, ISBN, first_name, last_name) values (63, 9934942670026, 'Shurlock', 'Biggerstaff');
insert into authors (author_id, ISBN, first_name, last_name) values (64, 9934942670056, 'Burnard', 'Britee');
insert into authors (author_id, ISBN, first_name, last_name) values (65, 9934942670011, 'Vitoria', 'Dummer');
insert into authors (author_id, ISBN, first_name, last_name) values (66, 9934942670032, 'Hilario', 'Dottridge');
insert into authors (author_id, ISBN, first_name, last_name) values (67, 9934942670010, 'Jacqui', 'Matchett');
insert into authors (author_id, ISBN, first_name, last_name) values (68, 9934942670055, 'Holly-anne', 'Cockland');
insert into authors (author_id, ISBN, first_name, last_name) values (69, 9934942670048, 'Orren', 'Giordano');
insert into authors (author_id, ISBN, first_name, last_name) values (70, 9934942670032, 'Gerik', 'Philipsen');
insert into authors (author_id, ISBN, first_name, last_name) values (71, 9934942670040, 'Theadora', 'Childe');
insert into authors (author_id, ISBN, first_name, last_name) values (72, 9934942670029, 'Loralee', 'Annandale');
insert into authors (author_id, ISBN, first_name, last_name) values (73, 9934942670037, 'Giacomo', 'Sugar');
insert into authors (author_id, ISBN, first_name, last_name) values (74, 9934942670066, 'Claiborne', 'Foord');
insert into authors (author_id, ISBN, first_name, last_name) values (75, 9934942670035, 'Edan', 'Hambribe');
insert into authors (author_id, ISBN, first_name, last_name) values (76, 9934942670020, 'Gertruda', 'Glenfield');
insert into authors (author_id, ISBN, first_name, last_name) values (77, 9934942670054, 'Chancey', 'Dain');
insert into authors (author_id, ISBN, first_name, last_name) values (78, 9934942670070, 'Haywood', 'Gemson');
insert into authors (author_id, ISBN, first_name, last_name) values (79, 9934942670052, 'Almire', 'Woodberry');
insert into authors (author_id, ISBN, first_name, last_name) values (80, 9934942670046, 'Conni', 'Fullerton');
insert into authors (author_id, ISBN, first_name, last_name) values (81, 9934942670040, 'Eydie', 'Chinge de Hals');
insert into authors (author_id, ISBN, first_name, last_name) values (82, 9934942670012, 'Taber', 'Croisdall');
insert into authors (author_id, ISBN, first_name, last_name) values (83, 9934942670067, 'Merrie', 'Drayn');
insert into authors (author_id, ISBN, first_name, last_name) values (84, 9934942670011, 'Shirl', 'Slarke');
insert into authors (author_id, ISBN, first_name, last_name) values (85, 9934942670011, 'Dawn', 'Saundercock');
insert into authors (author_id, ISBN, first_name, last_name) values (86, 9934942670031, 'Thadeus', 'Frayling');
insert into authors (author_id, ISBN, first_name, last_name) values (87, 9934942670028, 'Jdavie', 'Larking');
insert into authors (author_id, ISBN, first_name, last_name) values (88, 9934942670048, 'Nealon', 'Simond');
insert into authors (author_id, ISBN, first_name, last_name) values (89, 9934942670044, 'Blondy', 'Bartleman');
insert into authors (author_id, ISBN, first_name, last_name) values (90, 9934942670042, 'Marcile', 'Tomasutti');
insert into authors (author_id, ISBN, first_name, last_name) values (91, 9934942670014, 'Janenna', 'Giordano');
insert into authors (author_id, ISBN, first_name, last_name) values (92, 9934942670005, 'Jody', 'Elphick');
insert into authors (author_id, ISBN, first_name, last_name) values (93, 9934942670033, 'Dewey', 'Sousa');
insert into authors (author_id, ISBN, first_name, last_name) values (94, 9934942670067, 'Bank', 'Stokell');
insert into authors (author_id, ISBN, first_name, last_name) values (95, 9934942670031, 'Ralph', 'Southam');
insert into authors (author_id, ISBN, first_name, last_name) values (96, 9934942670028, 'Dianemarie', 'Imorts');
insert into authors (author_id, ISBN, first_name, last_name) values (97, 9934942670036, 'Jorgan', 'Dales');
insert into authors (author_id, ISBN, first_name, last_name) values (98, 9934942670039, 'Kennett', 'Tebald');
insert into authors (author_id, ISBN, first_name, last_name) values (99, 9934942670030, 'Hinze', 'MacGow');
insert into authors (author_id, ISBN, first_name, last_name) values (100, 9934942670048, 'Ivie', 'Ullrich');
insert into authors (author_id, ISBN, first_name, last_name) values (101, 9934942670013, 'Barbara', 'Hunton');
insert into authors (author_id, ISBN, first_name, last_name) values (102, 9934942670059, 'Denys', 'Gabbitus');
insert into authors (author_id, ISBN, first_name, last_name) values (103, 9934942670033, 'Franz', 'McClements');
insert into authors (author_id, ISBN, first_name, last_name) values (104, 9934942670059, 'Neale', 'Hatcher');
insert into authors (author_id, ISBN, first_name, last_name) values (105, 9934942670038, 'Gail', 'Lillow');
insert into authors (author_id, ISBN, first_name, last_name) values (106, 9934942670035, 'Josefina', 'Bonhill');
insert into authors (author_id, ISBN, first_name, last_name) values (107, 9934942670048, 'Cleon', 'Pipkin');
insert into authors (author_id, ISBN, first_name, last_name) values (108, 9934942670069, 'Jasmine', 'Halifax');
insert into authors (author_id, ISBN, first_name, last_name) values (109, 9934942670021, 'Sibyl', 'Valance');
insert into authors (author_id, ISBN, first_name, last_name) values (110, 9934942670067, 'Raff', 'Hovie');
insert into authors (author_id, ISBN, first_name, last_name) values (111, 9934942670003, 'Roberto', 'Antcliff');
insert into authors (author_id, ISBN, first_name, last_name) values (112, 9934942670049, 'Corrie', 'Bednell');
insert into authors (author_id, ISBN, first_name, last_name) values (113, 9934942670007, 'Pammie', 'Minney');
insert into authors (author_id, ISBN, first_name, last_name) values (114, 9934942670028, 'Leora', 'Parfitt');
insert into authors (author_id, ISBN, first_name, last_name) values (115, 9934942670065, 'Berri', 'Twentyman');
insert into authors (author_id, ISBN, first_name, last_name) values (116, 9934942670017, 'Amargo', 'Gabbitus');
insert into authors (author_id, ISBN, first_name, last_name) values (117, 9934942670059, 'Herrick', 'Timothy');
insert into authors (author_id, ISBN, first_name, last_name) values (118, 9934942670057, 'Dyanne', 'Trembley');
insert into authors (author_id, ISBN, first_name, last_name) values (119, 9934942670046, 'Doreen', 'MacCostigan');
insert into authors (author_id, ISBN, first_name, last_name) values (120, 9934942670023, 'Talbert', 'Linck');
insert into authors (author_id, ISBN, first_name, last_name) values (121, 9934942670008, 'Robinett', 'Godlip');
insert into authors (author_id, ISBN, first_name, last_name) values (122, 9934942670068, 'Lezley', 'Dillingstone');
insert into authors (author_id, ISBN, first_name, last_name) values (123, 9934942670044, 'Torrin', 'Hiner');
insert into authors (author_id, ISBN, first_name, last_name) values (124, 9934942670018, 'Napoleon', 'Westrip');
insert into authors (author_id, ISBN, first_name, last_name) values (125, 9934942670027, 'Dunstan', 'Megarry');
insert into authors (author_id, ISBN, first_name, last_name) values (126, 9934942670058, 'Pearla', 'Collelton');
insert into authors (author_id, ISBN, first_name, last_name) values (127, 9934942670044, 'Joete', 'Kermode');
insert into authors (author_id, ISBN, first_name, last_name) values (128, 9934942670015, 'Jyoti', 'Awde');
insert into authors (author_id, ISBN, first_name, last_name) values (129, 9934942670062, 'Tannie', 'Braddick');
insert into authors (author_id, ISBN, first_name, last_name) values (130, 9934942670053, 'Kara', 'Croley');
insert into authors (author_id, ISBN, first_name, last_name) values (131, 9934942670029, 'Quinlan', 'Wildin');
insert into authors (author_id, ISBN, first_name, last_name) values (132, 9934942670011, 'Ronald', 'Rennolds');
insert into authors (author_id, ISBN, first_name, last_name) values (133, 9934942670045, 'Chrystal', 'Rugg');
insert into authors (author_id, ISBN, first_name, last_name) values (134, 9934942670058, 'Essy', 'Folger');
insert into authors (author_id, ISBN, first_name, last_name) values (135, 9934942670042, 'Harwilll', 'Cossor');

-- categories

insert into categories (ISBN, category_name) values (9934942670060, 'Self-help');
insert into categories (ISBN, category_name) values (9934942670046, 'Self-help');
insert into categories (ISBN, category_name) values (9934942670062, 'Fiction');
insert into categories (ISBN, category_name) values (9934942670067, 'Non-fiction');
insert into categories (ISBN, category_name) values (9934942670064, 'Art');
insert into categories (ISBN, category_name) values (9934942670053, 'Non-fiction');
insert into categories (ISBN, category_name) values (9934942670026, 'Cooking');
insert into categories (ISBN, category_name) values (9934942670021, 'Cooking');
insert into categories (ISBN, category_name) values (9934942670042, 'Young adult');
insert into categories (ISBN, category_name) values (9934942670039, 'Humor');
insert into categories (ISBN, category_name) values (9934942670017, 'Biography');
insert into categories (ISBN, category_name) values (9934942670031, 'Fantasy');
insert into categories (ISBN, category_name) values (9934942670041, 'Humor');
insert into categories (ISBN, category_name) values (9934942670018, 'Humor');
insert into categories (ISBN, category_name) values (9934942670035, 'Self-help');
insert into categories (ISBN, category_name) values (9934942670029, 'Young adult');
insert into categories (ISBN, category_name) values (9934942670019, 'Science fiction');
insert into categories (ISBN, category_name) values (9934942670060, 'History');
insert into categories (ISBN, category_name) values (9934942670046, 'Non-fiction');
insert into categories (ISBN, category_name) values (9934942670016, 'Self-help');
insert into categories (ISBN, category_name) values (9934942670051, 'Biography');
insert into categories (ISBN, category_name) values (9934942670033, 'Self-help');
insert into categories (ISBN, category_name) values (9934942670035, 'Fantasy');
insert into categories (ISBN, category_name) values (9934942670003, 'Fiction');
insert into categories (ISBN, category_name) values (9934942670010, 'Non-fiction');
insert into categories (ISBN, category_name) values (9934942670053, 'History');
insert into categories (ISBN, category_name) values (9934942670019, 'Children''s');
insert into categories (ISBN, category_name) values (9934942670053, 'Art');
insert into categories (ISBN, category_name) values (9934942670019, 'History');
insert into categories (ISBN, category_name) values (9934942670034, 'Humor');
insert into categories (ISBN, category_name) values (9934942670027, 'Self-help');
insert into categories (ISBN, category_name) values (9934942670059, 'Fiction');
insert into categories (ISBN, category_name) values (9934942670061, 'Cooking');
insert into categories (ISBN, category_name) values (9934942670032, 'Cooking');
insert into categories (ISBN, category_name) values (9934942670056, 'Mystery');
insert into categories (ISBN, category_name) values (9934942670037, 'Cooking');
insert into categories (ISBN, category_name) values (9934942670052, 'Cooking');
insert into categories (ISBN, category_name) values (9934942670006, 'Fantasy');
insert into categories (ISBN, category_name) values (9934942670042, 'Humor');
insert into categories (ISBN, category_name) values (9934942670065, 'Non-fiction');
insert into categories (ISBN, category_name) values (9934942670040, 'Children''s');
insert into categories (ISBN, category_name) values (9934942670014, 'History');
insert into categories (ISBN, category_name) values (9934942670052, 'Fantasy');
insert into categories (ISBN, category_name) values (9934942670013, 'Science fiction');
insert into categories (ISBN, category_name) values (9934942670008, 'Children''s');
insert into categories (ISBN, category_name) values (9934942670036, 'Cooking');
insert into categories (ISBN, category_name) values (9934942670062, 'Cooking');
insert into categories (ISBN, category_name) values (9934942670066, 'Romance');
insert into categories (ISBN, category_name) values (9934942670004, 'Fiction');
insert into categories (ISBN, category_name) values (9934942670017, 'Young adult');
insert into categories (ISBN, category_name) values (9934942670024, 'Humor');
insert into categories (ISBN, category_name) values (9934942670012, 'Mystery');
insert into categories (ISBN, category_name) values (9934942670066, 'Cooking');
insert into categories (ISBN, category_name) values (9934942670012, 'Self-help');
insert into categories (ISBN, category_name) values (9934942670022, 'Religion');
insert into categories (ISBN, category_name) values (9934942670021, 'Biography');
insert into categories (ISBN, category_name) values (9934942670040, 'Non-fiction');
insert into categories (ISBN, category_name) values (9934942670050, 'Cooking');
insert into categories (ISBN, category_name) values (9934942670048, 'History');
insert into categories (ISBN, category_name) values (9934942670014, 'Religion');
insert into categories (ISBN, category_name) values (9934942670001, 'History');
insert into categories (ISBN, category_name) values (9934942670061, 'Self-help');
insert into categories (ISBN, category_name) values (9934942670070, 'Cooking');
insert into categories (ISBN, category_name) values (9934942670052, 'Art');
insert into categories (ISBN, category_name) values (9934942670027, 'Humor');
insert into categories (ISBN, category_name) values (9934942670007, 'Cooking');
insert into categories (ISBN, category_name) values (9934942670022, 'Travel');
insert into categories (ISBN, category_name) values (9934942670005, 'Science fiction');
insert into categories (ISBN, category_name) values (9934942670057, 'Travel');
insert into categories (ISBN, category_name) values (9934942670054, 'Romance');
insert into categories (ISBN, category_name) values (9934942670022, 'Science fiction');
insert into categories (ISBN, category_name) values (9934942670051, 'Romance');
insert into categories (ISBN, category_name) values (9934942670002, 'Science fiction');
insert into categories (ISBN, category_name) values (9934942670038, 'Non-fiction');
insert into categories (ISBN, category_name) values (9934942670054, 'Self-help');
insert into categories (ISBN, category_name) values (9934942670064, 'Self-help');
insert into categories (ISBN, category_name) values (9934942670018, 'Young adult');
insert into categories (ISBN, category_name) values (9934942670068, 'Humor');
insert into categories (ISBN, category_name) values (9934942670052, 'Mystery');
insert into categories (ISBN, category_name) values (9934942670044, 'Romance');
insert into categories (ISBN, category_name) values (9934942670016, 'Art');
insert into categories (ISBN, category_name) values (9934942670022, 'Fantasy');
insert into categories (ISBN, category_name) values (9934942670013, 'Art');
insert into categories (ISBN, category_name) values (9934942670019, 'Non-fiction');
insert into categories (ISBN, category_name) values (9934942670001, 'Non-fiction');
insert into categories (ISBN, category_name) values (9934942670049, 'Romance');
insert into categories (ISBN, category_name) values (9934942670015, 'Travel');
insert into categories (ISBN, category_name) values (9934942670070, 'Young adult');
insert into categories (ISBN, category_name) values (9934942670051, 'Fiction');
insert into categories (ISBN, category_name) values (9934942670066, 'Humor');
insert into categories (ISBN, category_name) values (9934942670023, 'Fantasy');
insert into categories (ISBN, category_name) values (9934942670012, 'Young adult');
insert into categories (ISBN, category_name) values (9934942670016, 'Non-fiction');
insert into categories (ISBN, category_name) values (9934942670043, 'Fiction');
insert into categories (ISBN, category_name) values (9934942670009, 'Mystery');
insert into categories (ISBN, category_name) values (9934942670040, 'History');
insert into categories (ISBN, category_name) values (9934942670010, 'Self-help');
insert into categories (ISBN, category_name) values (9934942670004, 'Travel');
insert into categories (ISBN, category_name) values (9934942670070, 'Biography');
insert into categories (ISBN, category_name) values (9934942670031, 'Art');
insert into categories (ISBN, category_name) values (9934942670011, 'Non-fiction');
insert into categories (ISBN, category_name) values (9934942670020, 'Self-help');
insert into categories (ISBN, category_name) values (9934942670004, 'Self-help');
insert into categories (ISBN, category_name) values (9934942670014, 'Fantasy');
insert into categories (ISBN, category_name) values (9934942670045, 'Romance');
insert into categories (ISBN, category_name) values (9934942670047, 'Fiction');
insert into categories (ISBN, category_name) values (9934942670047, 'Young adult');
insert into categories (ISBN, category_name) values (9934942670066, 'Young adult');
insert into categories (ISBN, category_name) values (9934942670069, 'Biography');
insert into categories (ISBN, category_name) values (9934942670057, 'Fantasy');
insert into categories (ISBN, category_name) values (9934942670062, 'Non-fiction');
insert into categories (ISBN, category_name) values (9934942670047, 'Self-help');
insert into categories (ISBN, category_name) values (9934942670025, 'Religion');
insert into categories (ISBN, category_name) values (9934942670063, 'Humor');
insert into categories (ISBN, category_name) values (9934942670030, 'Fantasy');
insert into categories (ISBN, category_name) values (9934942670057, 'History');
insert into categories (ISBN, category_name) values (9934942670045, 'History');
insert into categories (ISBN, category_name) values (9934942670021, 'Art');
insert into categories (ISBN, category_name) values (9934942670058, 'Romance');
insert into categories (ISBN, category_name) values (9934942670031, 'Young adult');
insert into categories (ISBN, category_name) values (9934942670003, 'Young adult');
insert into categories (ISBN, category_name) values (9934942670028, 'Art');
insert into categories (ISBN, category_name) values (9934942670055, 'Fiction');
insert into categories (ISBN, category_name) values (9934942670065, 'Humor');
insert into categories (ISBN, category_name) values (9934942670040, 'Travel');

-- keywords

insert into keywords (ISBN, descr) values (9934942670048, 'action-packed');
insert into keywords (ISBN, descr) values (9934942670045, 'eerie');
insert into keywords (ISBN, descr) values (9934942670031, 'vibrant');
insert into keywords (ISBN, descr) values (9934942670037, 'flawed lead characters');
insert into keywords (ISBN, descr) values (9934942670022, 'enigmatic');
insert into keywords (ISBN, descr) values (9934942670028, 'post-apocalyptic');
insert into keywords (ISBN, descr) values (9934942670055, 'gripping');
insert into keywords (ISBN, descr) values (9934942670032, 'thought-provoking');
insert into keywords (ISBN, descr) values (9934942670039, 'suspenseful');
insert into keywords (ISBN, descr) values (9934942670024, 'inspirational');
insert into keywords (ISBN, descr) values (9934942670061, 'antihero');
insert into keywords (ISBN, descr) values (9934942670052, 'thought-provoking');
insert into keywords (ISBN, descr) values (9934942670064, 'inspirational');
insert into keywords (ISBN, descr) values (9934942670006, 'heart-wrenching');
insert into keywords (ISBN, descr) values (9934942670040, 'celebration of life');
insert into keywords (ISBN, descr) values (9934942670016, 'feisty');
insert into keywords (ISBN, descr) values (9934942670026, 'strong-willed characters');
insert into keywords (ISBN, descr) values (9934942670004, 'heart-warming');
insert into keywords (ISBN, descr) values (9934942670058, 'feisty');
insert into keywords (ISBN, descr) values (9934942670020, 'intriguing');
insert into keywords (ISBN, descr) values (9934942670049, 'celebration of life');
insert into keywords (ISBN, descr) values (9934942670034, 'flawed lead characters');
insert into keywords (ISBN, descr) values (9934942670004, 'eerie');
insert into keywords (ISBN, descr) values (9934942670043, 'gripping');
insert into keywords (ISBN, descr) values (9934942670005, 'quirky');
insert into keywords (ISBN, descr) values (9934942670001, 'thought-provoking');
insert into keywords (ISBN, descr) values (9934942670060, 'emotionally charged');
insert into keywords (ISBN, descr) values (9934942670044, 'heart-wrenching');
insert into keywords (ISBN, descr) values (9934942670008, 'twist-filled');
insert into keywords (ISBN, descr) values (9934942670027, 'rural');
insert into keywords (ISBN, descr) values (9934942670068, 'gripping');
insert into keywords (ISBN, descr) values (9934942670010, 'enigmatic');
insert into keywords (ISBN, descr) values (9934942670069, 'evocative');
insert into keywords (ISBN, descr) values (9934942670051, 'heart-wrenching');
insert into keywords (ISBN, descr) values (9934942670060, 'twist-filled');
insert into keywords (ISBN, descr) values (9934942670028, 'antihero');
insert into keywords (ISBN, descr) values (9934942670038, 'antihero');
insert into keywords (ISBN, descr) values (9934942670056, 'heart-warming');
insert into keywords (ISBN, descr) values (9934942670027, 'celebration of life');
insert into keywords (ISBN, descr) values (9934942670048, 'enigmatic');
insert into keywords (ISBN, descr) values (9934942670044, 'antihero');
insert into keywords (ISBN, descr) values (9934942670014, 'rural');
insert into keywords (ISBN, descr) values (9934942670037, 'inspirational');
insert into keywords (ISBN, descr) values (9934942670059, 'suspenseful');
insert into keywords (ISBN, descr) values (9934942670040, 'feisty');
insert into keywords (ISBN, descr) values (9934942670051, 'gripping');
insert into keywords (ISBN, descr) values (9934942670009, 'inspirational');
insert into keywords (ISBN, descr) values (9934942670044, 'flawed lead characters');
insert into keywords (ISBN, descr) values (9934942670016, 'thought-provoking');
insert into keywords (ISBN, descr) values (9934942670029, 'quirky');
insert into keywords (ISBN, descr) values (9934942670062, 'emotionally charged');
insert into keywords (ISBN, descr) values (9934942670043, 'thought-provoking');
insert into keywords (ISBN, descr) values (9934942670005, 'heart-wrenching');
insert into keywords (ISBN, descr) values (9934942670019, 'gripping');
insert into keywords (ISBN, descr) values (9934942670007, 'antihero');
insert into keywords (ISBN, descr) values (9934942670011, 'suspenseful');
insert into keywords (ISBN, descr) values (9934942670037, 'vibrant');
insert into keywords (ISBN, descr) values (9934942670056, 'suspenseful');
insert into keywords (ISBN, descr) values (9934942670067, 'emotionally charged');
insert into keywords (ISBN, descr) values (9934942670052, 'rural');
insert into keywords (ISBN, descr) values (9934942670034, 'thought-provoking');
insert into keywords (ISBN, descr) values (9934942670024, 'enigmatic');
insert into keywords (ISBN, descr) values (9934942670052, 'intriguing');
insert into keywords (ISBN, descr) values (9934942670024, 'antihero');
insert into keywords (ISBN, descr) values (9934942670050, 'enigmatic');
insert into keywords (ISBN, descr) values (9934942670037, 'heart-wrenching');
insert into keywords (ISBN, descr) values (9934942670056, 'intriguing');
insert into keywords (ISBN, descr) values (9934942670019, 'vibrant');
insert into keywords (ISBN, descr) values (9934942670015, 'twist-filled');
insert into keywords (ISBN, descr) values (9934942670029, 'celebration of life');
insert into keywords (ISBN, descr) values (9934942670054, 'strong-willed characters');
insert into keywords (ISBN, descr) values (9934942670002, 'flawed lead characters');
insert into keywords (ISBN, descr) values (9934942670005, 'strong-willed characters');
insert into keywords (ISBN, descr) values (9934942670066, 'antihero');
insert into keywords (ISBN, descr) values (9934942670050, 'rural');
insert into keywords (ISBN, descr) values (9934942670059, 'flawed lead characters');
insert into keywords (ISBN, descr) values (9934942670055, 'flawed lead characters');
insert into keywords (ISBN, descr) values (9934942670047, 'enigmatic');
insert into keywords (ISBN, descr) values (9934942670040, 'action-packed');
insert into keywords (ISBN, descr) values (9934942670046, 'enigmatic');
insert into keywords (ISBN, descr) values (9934942670017, 'suspenseful');
insert into keywords (ISBN, descr) values (9934942670042, 'heart-warming');
insert into keywords (ISBN, descr) values (9934942670005, 'twist-filled');
insert into keywords (ISBN, descr) values (9934942670005, 'heroic');
insert into keywords (ISBN, descr) values (9934942670057, 'emotionally charged');
insert into keywords (ISBN, descr) values (9934942670001, 'rural');
insert into keywords (ISBN, descr) values (9934942670066, 'action-packed');
insert into keywords (ISBN, descr) values (9934942670025, 'intriguing');
insert into keywords (ISBN, descr) values (9934942670046, 'quirky');
insert into keywords (ISBN, descr) values (9934942670031, 'antihero');
insert into keywords (ISBN, descr) values (9934942670031, 'flawed lead characters');
insert into keywords (ISBN, descr) values (9934942670034, 'post-apocalyptic');
insert into keywords (ISBN, descr) values (9934942670022, 'eerie');
insert into keywords (ISBN, descr) values (9934942670020, 'action-packed');
insert into keywords (ISBN, descr) values (9934942670016, 'emotionally charged');
insert into keywords (ISBN, descr) values (9934942670041, 'heart-wrenching');
insert into keywords (ISBN, descr) values (9934942670004, 'quirky');
insert into keywords (ISBN, descr) values (9934942670012, 'heart-warming');
insert into keywords (ISBN, descr) values (9934942670068, 'antihero');
insert into keywords (ISBN, descr) values (9934942670010, 'coming of age story');
insert into keywords (ISBN, descr) values (9934942670058, 'celebration of life');
insert into keywords (ISBN, descr) values (9934942670006, 'post-apocalyptic');
insert into keywords (ISBN, descr) values (9934942670022, 'post-apocalyptic');
insert into keywords (ISBN, descr) values (9934942670054, 'celebration of life');
insert into keywords (ISBN, descr) values (9934942670032, 'celebration of life');
insert into keywords (ISBN, descr) values (9934942670018, 'evocative');
insert into keywords (ISBN, descr) values (9934942670061, 'eerie');
insert into keywords (ISBN, descr) values (9934942670020, 'evocative');
insert into keywords (ISBN, descr) values (9934942670056, 'vibrant');
insert into keywords (ISBN, descr) values (9934942670016, 'rural');
insert into keywords (ISBN, descr) values (9934942670041, 'enigmatic');
insert into keywords (ISBN, descr) values (9934942670050, 'antihero');
insert into keywords (ISBN, descr) values (9934942670003, 'heart-wrenching');
insert into keywords (ISBN, descr) values (9934942670003, 'rural');
insert into keywords (ISBN, descr) values (9934942670021, 'evocative');
insert into keywords (ISBN, descr) values (9934942670019, 'antihero');
insert into keywords (ISBN, descr) values (9934942670012, 'action-packed');
insert into keywords (ISBN, descr) values (9934942670061, 'heroic');
insert into keywords (ISBN, descr) values (9934942670012, 'gripping');
insert into keywords (ISBN, descr) values (9934942670002, 'enigmatic');
insert into keywords (ISBN, descr) values (9934942670067, 'vibrant');
insert into keywords (ISBN, descr) values (9934942670024, 'urban');
insert into keywords (ISBN, descr) values (9934942670040, 'eerie');
insert into keywords (ISBN, descr) values (9934942670038, 'emotionally charged');
insert into keywords (ISBN, descr) values (9934942670049, 'thought-provoking');
insert into keywords (ISBN, descr) values (9934942670011, 'quirky');
insert into keywords (ISBN, descr) values (9934942670005, 'flawed lead characters');
insert into keywords (ISBN, descr) values (9934942670006, 'feisty');
insert into keywords (ISBN, descr) values (9934942670065, 'celebration of life');
insert into keywords (ISBN, descr) values (9934942670042, 'gripping');
insert into keywords (ISBN, descr) values (9934942670032, 'vibrant');
insert into keywords (ISBN, descr) values (9934942670039, 'rural');
insert into keywords (ISBN, descr) values (9934942670065, 'flawed lead characters');
insert into keywords (ISBN, descr) values (9934942670006, 'rural');
insert into keywords (ISBN, descr) values (9934942670008, 'heart-warming');
insert into keywords (ISBN, descr) values (9934942670040, 'strong-willed characters');
insert into keywords (ISBN, descr) values (9934942670069, 'strong-willed characters');
insert into keywords (ISBN, descr) values (9934942670045, 'celebration of life');
insert into keywords (ISBN, descr) values (9934942670068, 'flawed lead characters');
insert into keywords (ISBN, descr) values (9934942670004, 'feisty');
insert into keywords (ISBN, descr) values (9934942670063, 'quirky');
insert into keywords (ISBN, descr) values (9934942670022, 'action-packed');
insert into keywords (ISBN, descr) values (9934942670060, 'inspirational');
insert into keywords (ISBN, descr) values (9934942670008, 'flawed lead characters');
insert into keywords (ISBN, descr) values (9934942670047, 'emotionally charged');
insert into keywords (ISBN, descr) values (9934942670019, 'twist-filled');
insert into keywords (ISBN, descr) values (9934942670015, 'gripping');
insert into keywords (ISBN, descr) values (9934942670019, 'action-packed');
insert into keywords (ISBN, descr) values (9934942670030, 'twist-filled');
insert into keywords (ISBN, descr) values (9934942670046, 'coming of age story');
insert into keywords (ISBN, descr) values (9934942670016, 'heart-wrenching');
insert into keywords (ISBN, descr) values (9934942670009, 'celebration of life');
insert into keywords (ISBN, descr) values (9934942670066, 'celebration of life');
insert into keywords (ISBN, descr) values (9934942670017, 'inspirational');
insert into keywords (ISBN, descr) values (9934942670025, 'heart-warming');
insert into keywords (ISBN, descr) values (9934942670037, 'feisty');
insert into keywords (ISBN, descr) values (9934942670004, 'action-packed');
insert into keywords (ISBN, descr) values (9934942670020, 'rural');
insert into keywords (ISBN, descr) values (9934942670011, 'inspirational');
insert into keywords (ISBN, descr) values (9934942670063, 'eerie');
insert into keywords (ISBN, descr) values (9934942670001, 'coming of age story');
insert into keywords (ISBN, descr) values (9934942670062, 'flawed lead characters');
insert into keywords (ISBN, descr) values (9934942670037, 'coming of age story');
insert into keywords (ISBN, descr) values (9934942670059, 'heart-warming');
insert into keywords (ISBN, descr) values (9934942670036, 'eerie');
insert into keywords (ISBN, descr) values (9934942670042, 'coming of age story');
insert into keywords (ISBN, descr) values (9934942670055, 'feisty');
insert into keywords (ISBN, descr) values (9934942670006, 'evocative');
insert into keywords (ISBN, descr) values (9934942670039, 'post-apocalyptic');
insert into keywords (ISBN, descr) values (9934942670035, 'post-apocalyptic');
insert into keywords (ISBN, descr) values (9934942670053, 'vibrant');
insert into keywords (ISBN, descr) values (9934942670015, 'coming of age story');
insert into keywords (ISBN, descr) values (9934942670013, 'evocative');
insert into keywords (ISBN, descr) values (9934942670047, 'inspirational');
insert into keywords (ISBN, descr) values (9934942670053, 'thought-provoking');
insert into keywords (ISBN, descr) values (9934942670014, 'enigmatic');
insert into keywords (ISBN, descr) values (9934942670011, 'urban');
insert into keywords (ISBN, descr) values (9934942670037, 'intriguing');
insert into keywords (ISBN, descr) values (9934942670037, 'emotionally charged');
insert into keywords (ISBN, descr) values (9934942670052, 'flawed lead characters');
insert into keywords (ISBN, descr) values (9934942670055, 'strong-willed characters');
insert into keywords (ISBN, descr) values (9934942670067, 'twist-filled');
insert into keywords (ISBN, descr) values (9934942670033, 'suspenseful');
insert into keywords (ISBN, descr) values (9934942670014, 'action-packed');
insert into keywords (ISBN, descr) values (9934942670047, 'suspenseful');
insert into keywords (ISBN, descr) values (9934942670012, 'suspenseful');
insert into keywords (ISBN, descr) values (9934942670012, 'heart-wrenching');
insert into keywords (ISBN, descr) values (9934942670032, 'eerie');
insert into keywords (ISBN, descr) values (9934942670013, 'flawed lead characters');
insert into keywords (ISBN, descr) values (9934942670046, 'inspirational');
insert into keywords (ISBN, descr) values (9934942670028, 'flawed lead characters');
insert into keywords (ISBN, descr) values (9934942670004, 'coming of age story');
insert into keywords (ISBN, descr) values (9934942670023, 'feisty');
insert into keywords (ISBN, descr) values (9934942670043, 'celebration of life');
insert into keywords (ISBN, descr) values (9934942670051, 'twist-filled');
insert into keywords (ISBN, descr) values (9934942670057, 'evocative');
insert into keywords (ISBN, descr) values (9934942670016, 'eerie');
insert into keywords (ISBN, descr) values (9934942670028, 'action-packed');
insert into keywords (ISBN, descr) values (9934942670066, 'feisty');
insert into keywords (ISBN, descr) values (9934942670024, 'thought-provoking');
insert into keywords (ISBN, descr) values (9934942670070, 'gripping');
insert into keywords (ISBN, descr) values (9934942670070, 'vibrant');

-- summary

insert into summary (ISBN, descr) values (9934942670001, 'A man stranded on a deserted island must learn to survive and find a way back home.');
insert into summary (ISBN, descr) values (9934942670002, 'A man stranded on a deserted island must learn to survive and find a way back home.');
insert into summary (ISBN, descr) values (9934942670003, 'A man stranded on a deserted island must learn to survive and find a way back home.');
insert into summary (ISBN, descr) values (9934942670004, 'A detective must solve a series of murders in a small town while dealing with personal demons.');
insert into summary (ISBN, descr) values (9934942670005, 'A man stranded on a deserted island must learn to survive and find a way back home.');
insert into summary (ISBN, descr) values (9934942670006, 'A woman must navigate the complexities of love and family in a changing world.');
insert into summary (ISBN, descr) values (9934942670007, 'A man stranded on a deserted island must learn to survive and find a way back home.');
insert into summary (ISBN, descr) values (9934942670008, 'A man stranded on a deserted island must learn to survive and find a way back home.');
insert into summary (ISBN, descr) values (9934942670009, 'A detective must solve a series of murders in a small town while dealing with personal demons.');
insert into summary (ISBN, descr) values (9934942670010, 'A group of animals go on a journey to help a lost friend find their way back home.');
insert into summary (ISBN, descr) values (9934942670011, 'A man stranded on a deserted island must learn to survive and find a way back home.');
insert into summary (ISBN, descr) values (9934942670012, 'A young orphan boy discovers he has magical powers and attends a school for wizards.');
insert into summary (ISBN, descr) values (9934942670013, 'A man stranded on a deserted island must learn to survive and find a way back home.');
insert into summary (ISBN, descr) values (9934942670014, 'A man stranded on a deserted island must learn to survive and find a way back home.');
insert into summary (ISBN, descr) values (9934942670015, 'A detective must solve a series of murders in a small town while dealing with personal demons.');
insert into summary (ISBN, descr) values (9934942670016, 'A young orphan boy discovers he has magical powers and attends a school for wizards.');
insert into summary (ISBN, descr) values (9934942670017, 'A group of animals go on a journey to help a lost friend find their way back home.');
insert into summary (ISBN, descr) values (9934942670018, 'A group of animals go on a journey to help a lost friend find their way back home.');
insert into summary (ISBN, descr) values (9934942670019, 'A group of animals go on a journey to help a lost friend find their way back home.');
insert into summary (ISBN, descr) values (9934942670020, 'A woman must navigate the complexities of love and family in a changing world.');
insert into summary (ISBN, descr) values (9934942670021, 'A detective must solve a series of murders in a small town while dealing with personal demons.');
insert into summary (ISBN, descr) values (9934942670022, 'A detective must solve a series of murders in a small town while dealing with personal demons.');
insert into summary (ISBN, descr) values (9934942670023, 'A young orphan boy discovers he has magical powers and attends a school for wizards.');
insert into summary (ISBN, descr) values (9934942670024, 'A group of animals go on a journey to help a lost friend find their way back home.');
insert into summary (ISBN, descr) values (9934942670025, 'A group of animals go on a journey to help a lost friend find their way back home.');
insert into summary (ISBN, descr) values (9934942670026, 'A woman must navigate the complexities of love and family in a changing world.');
insert into summary (ISBN, descr) values (9934942670027, 'A group of animals go on a journey to help a lost friend find their way back home.');
insert into summary (ISBN, descr) values (9934942670028, 'A young orphan boy discovers he has magical powers and attends a school for wizards.');
insert into summary (ISBN, descr) values (9934942670029, 'A man stranded on a deserted island must learn to survive and find a way back home.');
insert into summary (ISBN, descr) values (9934942670030, 'A group of animals go on a journey to help a lost friend find their way back home.');
insert into summary (ISBN, descr) values (9934942670031, 'A woman must navigate the complexities of love and family in a changing world.');
insert into summary (ISBN, descr) values (9934942670032, 'A group of animals go on a journey to help a lost friend find their way back home.');
insert into summary (ISBN, descr) values (9934942670033, 'A man stranded on a deserted island must learn to survive and find a way back home.');
insert into summary (ISBN, descr) values (9934942670034, 'A man stranded on a deserted island must learn to survive and find a way back home.');
insert into summary (ISBN, descr) values (9934942670035, 'A young orphan boy discovers he has magical powers and attends a school for wizards.');
insert into summary (ISBN, descr) values (9934942670036, 'A man stranded on a deserted island must learn to survive and find a way back home.');
insert into summary (ISBN, descr) values (9934942670037, 'A man stranded on a deserted island must learn to survive and find a way back home.');
insert into summary (ISBN, descr) values (9934942670038, 'A man stranded on a deserted island must learn to survive and find a way back home.');
insert into summary (ISBN, descr) values (9934942670039, 'A woman must navigate the complexities of love and family in a changing world.');
insert into summary (ISBN, descr) values (9934942670040, 'A man stranded on a deserted island must learn to survive and find a way back home.');
insert into summary (ISBN, descr) values (9934942670041, 'A young orphan boy discovers he has magical powers and attends a school for wizards.');
insert into summary (ISBN, descr) values (9934942670042, 'A woman must navigate the complexities of love and family in a changing world.');
insert into summary (ISBN, descr) values (9934942670043, 'A woman must navigate the complexities of love and family in a changing world.');
insert into summary (ISBN, descr) values (9934942670044, 'A young orphan boy discovers he has magical powers and attends a school for wizards.');
insert into summary (ISBN, descr) values (9934942670045, 'A man stranded on a deserted island must learn to survive and find a way back home.');
insert into summary (ISBN, descr) values (9934942670046, 'A group of animals go on a journey to help a lost friend find their way back home.');
insert into summary (ISBN, descr) values (9934942670047, 'A group of animals go on a journey to help a lost friend find their way back home.');
insert into summary (ISBN, descr) values (9934942670048, 'A detective must solve a series of murders in a small town while dealing with personal demons.');
insert into summary (ISBN, descr) values (9934942670049, 'A woman must navigate the complexities of love and family in a changing world.');
insert into summary (ISBN, descr) values (9934942670050, 'A group of animals go on a journey to help a lost friend find their way back home.');
insert into summary (ISBN, descr) values (9934942670051, 'A young orphan boy discovers he has magical powers and attends a school for wizards.');
insert into summary (ISBN, descr) values (9934942670052, 'A young orphan boy discovers he has magical powers and attends a school for wizards.');
insert into summary (ISBN, descr) values (9934942670053, 'A young orphan boy discovers he has magical powers and attends a school for wizards.');
insert into summary (ISBN, descr) values (9934942670054, 'A detective must solve a series of murders in a small town while dealing with personal demons.');
insert into summary (ISBN, descr) values (9934942670055, 'A young orphan boy discovers he has magical powers and attends a school for wizards.');
insert into summary (ISBN, descr) values (9934942670056, 'A group of animals go on a journey to help a lost friend find their way back home.');
insert into summary (ISBN, descr) values (9934942670057, 'A man stranded on a deserted island must learn to survive and find a way back home.');
insert into summary (ISBN, descr) values (9934942670058, 'A young orphan boy discovers he has magical powers and attends a school for wizards.');
insert into summary (ISBN, descr) values (9934942670059, 'A detective must solve a series of murders in a small town while dealing with personal demons.');
insert into summary (ISBN, descr) values (9934942670060, 'A man stranded on a deserted island must learn to survive and find a way back home.');
insert into summary (ISBN, descr) values (9934942670061, 'A group of animals go on a journey to help a lost friend find their way back home.');
insert into summary (ISBN, descr) values (9934942670062, 'A young orphan boy discovers he has magical powers and attends a school for wizards.');
insert into summary (ISBN, descr) values (9934942670063, 'A woman must navigate the complexities of love and family in a changing world.');
insert into summary (ISBN, descr) values (9934942670064, 'A young orphan boy discovers he has magical powers and attends a school for wizards.');
insert into summary (ISBN, descr) values (9934942670065, 'A woman must navigate the complexities of love and family in a changing world.');
insert into summary (ISBN, descr) values (9934942670066, 'A woman must navigate the complexities of love and family in a changing world.');
insert into summary (ISBN, descr) values (9934942670067, 'A young orphan boy discovers he has magical powers and attends a school for wizards.');
insert into summary (ISBN, descr) values (9934942670068, 'A woman must navigate the complexities of love and family in a changing world.');
insert into summary (ISBN, descr) values (9934942670069, 'A woman must navigate the complexities of love and family in a changing world.');
insert into summary (ISBN, descr) values (9934942670070, 'A group of animals go on a journey to help a lost friend find their way back home.');

-- likert

insert into likert (likert_id, answers) values (5, 'strongly agree');
insert into likert (likert_id, answers) values (4, 'agree');
insert into likert (likert_id, answers) values (3, 'neutral');
insert into likert (likert_id, answers) values (2, 'disagree');
insert into likert (likert_id, answers) values (1, 'strongly disagree');

-- reviews

insert into reviews (ISBN, card_id, review_text, likert_id, active) values (9934942670070, 48, 'The characters were so well-developed.', 4, 1);
insert into reviews (ISBN, card_id, review_text, likert_id, active) values (9934942670032, 6, 'I was disappointed with the ending.', 2, 1);
insert into reviews (ISBN, card_id, review_text, likert_id, active) values (9934942670014, 11, 'I couldn''t put this book down!', 5, 1);
insert into reviews (ISBN, card_id, review_text, likert_id, active) values (9934942670070, 28, 'I couldn''t put this book down!', 5, 1);
insert into reviews (ISBN, card_id, review_text, likert_id, active) values (9934942670021, 65, 'I was disappointed with the ending.', 2, 1);
insert into reviews (ISBN, card_id, review_text, likert_id, active) values (9934942670020, 9, 'Worst book ever!', 1, 1);
insert into reviews (ISBN, card_id, review_text, likert_id, active) values (9934942670053, 52, 'I couldn''t put this book down!', 5, 1);
insert into reviews (ISBN, card_id, review_text, likert_id, active) values (9934942670026, 54, 'The plot was a bit slow at times.', 2, 1);
insert into reviews (ISBN, card_id, review_text, likert_id, active) values (9934942670062, 58, 'The plot was a bit slow at times.', 1, 1);
insert into reviews (ISBN, card_id, review_text, likert_id, active) values (9934942670044, 31, 'I couldn''t put this book down!', 5, 1);
insert into reviews (ISBN, card_id, review_text, likert_id, active) values (9934942670007, 64, 'I was disappointed with the ending.', 1, 1);
insert into reviews (ISBN, card_id, review_text, likert_id, active) values (9934942670043, 1, 'I was disappointed with the ending.', 1, 1);
insert into reviews (ISBN, card_id, review_text, likert_id, active) values (9934942670038, 67, 'The characters were one-dimensional.', 1, 1);
insert into reviews (ISBN, card_id, review_text, likert_id, active) values (9934942670067, 25, 'Worst book ever!', 1, 1);
insert into reviews (ISBN, card_id, review_text, likert_id, active) values (9934942670067, 54, 'I couldn''t put this book down!', 5, 1);
insert into reviews (ISBN, card_id, review_text, likert_id, active) values (9934942670060, 64, 'The characters were so well-developed.', 4, 1);
insert into reviews (ISBN, card_id, review_text, likert_id, active) values (9934942670014, 63, 'I couldn''t put this book down!', 5, 1);
insert into reviews (ISBN, card_id, review_text, likert_id, active) values (9934942670026, 64, 'The characters were so well-developed.', 5, 1);
insert into reviews (ISBN, card_id, review_text, likert_id, active) values (9934942670020, 31, 'The plot was a bit slow at times.', 2, 1);
insert into reviews (ISBN, card_id, review_text, likert_id, active) values (9934942670017, 12, 'The plot was boring.', 1, 1);
insert into reviews (ISBN, card_id, review_text, likert_id, active) values (9934942670006, 29, 'This book was amazing!', 4, 1);
insert into reviews (ISBN, card_id, review_text, likert_id, active) values (9934942670049, 20, 'I was disappointed with the ending.', 2, 1);
insert into reviews (ISBN, card_id, review_text, likert_id, active) values (9934942670036, 69, 'I couldn''t put this book down!', 5, 1);
insert into reviews (ISBN, card_id, review_text, likert_id, active) values (9934942670003, 41, 'The plot was uninpiring.', 1, 1);
insert into reviews (ISBN, card_id, review_text, likert_id, active) values (9934942670012, 35, 'This book was amazing!', 5, 1);
insert into reviews (ISBN, card_id, review_text, likert_id, active) values (9934942670039, 51, 'The characters were so well-developed.', 5, 1);
insert into reviews (ISBN, card_id, review_text, likert_id, active) values (9934942670031, 39, 'I couldn''t put this book down!', 5, 1);
insert into reviews (ISBN, card_id, review_text, likert_id, active) values (9934942670041, 63, 'The characters were under-developed.', 1, 1);
insert into reviews (ISBN, card_id, review_text, likert_id, active) values (9934942670056, 51, 'The plot was a bit slow at times.', 3, 1);
insert into reviews (ISBN, card_id, review_text, likert_id, active) values (9934942670015, 5, 'The plot was a bit slow at times.', 3, 1);
insert into reviews (ISBN, card_id, review_text, likert_id, active) values (9934942670055, 35, 'I was disappointed with the ending.', 2, 1);
insert into reviews (ISBN, card_id, review_text, likert_id, active) values (9934942670045, 60, 'I was disappointed with the ending.', 2, 1);
insert into reviews (ISBN, card_id, review_text, likert_id, active) values (9934942670031, 65, 'This book was amazing!', 5, 1);
insert into reviews (ISBN, card_id, review_text, likert_id, active) values (9934942670043, 30, 'This book was amazing!', 5, 1);
insert into reviews (ISBN, card_id, review_text, likert_id, active) values (9934942670066, 34, 'I was disappointed with the ending.', 2, 1);
insert into reviews (ISBN, card_id, review_text, likert_id, active) values (9934942670051, 20, 'I was disappointed with the ending.', 1, 1);
insert into reviews (ISBN, card_id, review_text, likert_id, active) values (9934942670065, 68, 'I couldn''t put this book down!', 5, 1);
insert into reviews (ISBN, card_id, review_text, likert_id, active) values (9934942670055, 52, 'The characters were so well-developed.', 4, 1);
insert into reviews (ISBN, card_id, review_text, likert_id, active) values (9934942670003, 67, 'I couldn''t put this book down!', 4, 1);
insert into reviews (ISBN, card_id, review_text, likert_id, active) values (9934942670015, 25, 'The plot was a bit slow at times.', 1, 1);
insert into reviews (ISBN, card_id, review_text, likert_id, active) values (9934942670027, 49, 'I was disappointed with the ending.', 3, 1);
insert into reviews (ISBN, card_id, review_text, likert_id, active) values (9934942670011, 36, 'The plot was a bit slow at times.', 3, 1);
insert into reviews (ISBN, card_id, review_text, likert_id, active) values (9934942670054, 6, 'I couldn''t put this book down!', 5, 1);
insert into reviews (ISBN, card_id, review_text, likert_id, active) values (9934942670049, 67, 'The plot was a bit slow at times.', 2, 1);
insert into reviews (ISBN, card_id, review_text, likert_id, active) values (9934942670003, 69, 'The plot was a bit slow at times.', 2, 1);
insert into reviews (ISBN, card_id, review_text, likert_id, active) values (9934942670007, 31, 'The characters were so well-developed.', 4, 1);
insert into reviews (ISBN, card_id, review_text, likert_id, active) values (9934942670010, 22, 'I couldn''t put this book down!', 5, 1);
insert into reviews (ISBN, card_id, review_text, likert_id, active) values (9934942670036, 52, 'The plot was a bit slow at times.', 1, 1);
insert into reviews (ISBN, card_id, review_text, likert_id, active) values (9934942670036, 46, 'This book was amazing!', 5, 1);
insert into reviews (ISBN, card_id, review_text, likert_id, active) values (9934942670055, 23, 'The characters were so well-developed.', 5, 1);
insert into reviews (ISBN, card_id, review_text, likert_id, active) values (9934942670001, 45, 'The plot was soo preedictable.', 2, 1);
insert into reviews (ISBN, card_id, review_text, likert_id, active) values (9934942670037, 39, 'I couldn''t put this book down!', 4, 1);

insert into reviews (ISBN, card_id, review_text, likert_id, active) values (9934942670031, 53, 'What a great book!', 5, 0);
insert into reviews (ISBN, card_id, review_text, likert_id, active) values (9934942670046, 46, 'What a compelling story!', 5, 0);


-- reservations

insert into reservations (ISBN, card_id, creation_date, stat) values (9934942670052, 20, DATE_SUB(CURRENT_DATE, INTERVAL 4 DAY), 'active');
insert into reservations (ISBN, card_id, creation_date, stat) values (9934942670044, 12, DATE_SUB(CURRENT_DATE, INTERVAL 5 DAY), 'active');
insert into reservations (ISBN, card_id, creation_date, stat) values (9934942670044, 19, DATE_SUB(CURRENT_DATE, INTERVAL 5 DAY), 'cancelled');
insert into reservations (ISBN, card_id, creation_date, stat) values (9934942670032, 47, DATE_SUB(CURRENT_DATE, INTERVAL 3 DAY), 'active');
insert into reservations (ISBN, card_id, creation_date, stat) values (9934942670048, 52, DATE_SUB(CURRENT_DATE, INTERVAL 5 DAY), 'cancelled');
insert into reservations (ISBN, card_id, creation_date, stat) values (9934942670023, 38, DATE_SUB(CURRENT_DATE, INTERVAL 5 DAY), 'active');
insert into reservations (ISBN, card_id, creation_date, stat) values (9934942670061, 39, DATE_SUB(CURRENT_DATE, INTERVAL 8 DAY), 'active');
insert into reservations (ISBN, card_id, creation_date, stat) values (9934942670029, 17, DATE_SUB(CURRENT_DATE, INTERVAL 4 DAY), 'cancelled');
insert into reservations (ISBN, card_id, creation_date, stat) values (9934942670005, 61, DATE_SUB(CURRENT_DATE, INTERVAL 5 DAY), 'cancelled');
insert into reservations (ISBN, card_id, creation_date, stat) values (9934942670064, 44, DATE_SUB(CURRENT_DATE, INTERVAL 5 DAY), 'cancelled');
insert into reservations (ISBN, card_id, creation_date, stat) values (9934942670038, 66, DATE_SUB(CURRENT_DATE, INTERVAL 3 DAY), 'cancelled');
insert into reservations (ISBN, card_id, creation_date, stat) values (9934942670014, 5, DATE_SUB(CURRENT_DATE, INTERVAL 5 DAY), 'active');
insert into reservations (ISBN, card_id, creation_date, stat) values (9934942670021, 35, DATE_SUB(CURRENT_DATE, INTERVAL 5 DAY), 'active');
insert into reservations (ISBN, card_id, creation_date, stat) values (9934942670008, 44, DATE_SUB(CURRENT_DATE, INTERVAL 8 DAY), 'cancelled');
insert into reservations (ISBN, card_id, creation_date, stat) values (9934942670001, 40, DATE_SUB(CURRENT_DATE, INTERVAL 5 DAY), 'active');
insert into reservations (ISBN, card_id, creation_date, stat) values (9934942670001, 67, DATE_SUB(CURRENT_DATE, INTERVAL 8 DAY), 'active');
insert into reservations (ISBN, card_id, creation_date, stat) values (9934942670001, 11, DATE_SUB(CURRENT_DATE, INTERVAL 5 DAY), 'cancelled');
insert into reservations (ISBN, card_id, creation_date, stat) values (9934942670017, 7, DATE_SUB(CURRENT_DATE, INTERVAL 5 DAY), 'active');
insert into reservations (ISBN, card_id, creation_date, stat) values (9934942670013, 28, DATE_SUB(CURRENT_DATE, INTERVAL 3 DAY), 'active');
insert into reservations (ISBN, card_id, creation_date, stat) values (9934942670046, 57, DATE_SUB(CURRENT_DATE, INTERVAL 5 DAY), 'cancelled');
insert into reservations (ISBN, card_id, creation_date, stat) values (9934942670004, 10, DATE_SUB(CURRENT_DATE, INTERVAL 8 DAY), 'active');
insert into reservations (ISBN, card_id, creation_date, stat) values (9934942670060, 1, DATE_SUB(CURRENT_DATE, INTERVAL 5 DAY), 'cancelled');
insert into reservations (ISBN, card_id, creation_date, stat) values (9934942670061, 34, DATE_SUB(CURRENT_DATE, INTERVAL 5 DAY), 'active');
insert into reservations (ISBN, card_id, creation_date, stat) values (9934942670057, 13, DATE_SUB(CURRENT_DATE, INTERVAL 6 DAY), 'cancelled');
insert into reservations (ISBN, card_id, creation_date, stat) values (9934942670032, 15, DATE_SUB(CURRENT_DATE, INTERVAL 3 DAY), 'active');
insert into reservations (ISBN, card_id, creation_date, stat) values (9934942670038, 53, DATE_SUB(CURRENT_DATE, INTERVAL 6 DAY), 'active');
insert into reservations (ISBN, card_id, creation_date, stat) values (9934942670059, 45, DATE_SUB(CURRENT_DATE, INTERVAL 1 DAY), 'active');
insert into reservations (ISBN, card_id, creation_date, stat) values (9934942670042, 34, DATE_SUB(CURRENT_DATE, INTERVAL 5 DAY), 'active');
insert into reservations (ISBN, card_id, creation_date, stat) values (9934942670054, 65, DATE_SUB(CURRENT_DATE, INTERVAL 2 DAY), 'active');
insert into reservations (ISBN, card_id, creation_date, stat) values (9934942670017, 22, DATE_SUB(CURRENT_DATE, INTERVAL 3 DAY), 'cancelled');
insert into reservations (ISBN, card_id, creation_date, stat) values (9934942670017, 65, DATE_SUB(CURRENT_DATE, INTERVAL 5 DAY), 'active');
insert into reservations (ISBN, card_id, creation_date, stat) values (9934942670059, 2, DATE_SUB(CURRENT_DATE, INTERVAL 1 DAY), 'active');
insert into reservations (ISBN, card_id, creation_date, stat) values (9934942670018, 46, DATE_SUB(CURRENT_DATE, INTERVAL 6 DAY), 'cancelled');

-- borrows

insert into borrows (card_id, ISBN, b_date, returned) values (69, 9934942670005, DATE_SUB(CURRENT_DATE, INTERVAL 50 DAY), 1);
insert into borrows (card_id, ISBN, b_date, returned) values (69, 9934942670011, DATE_SUB(CURRENT_DATE, INTERVAL 50 DAY), 1);
insert into borrows (card_id, ISBN, b_date, returned) values (61, 9934942670068, DATE_SUB(CURRENT_DATE, INTERVAL 50 DAY), 1);
insert into borrows (card_id, ISBN, b_date, returned) values (61, 9934942670014, DATE_SUB(CURRENT_DATE, INTERVAL 50 DAY), 1);
insert into borrows (card_id, ISBN, b_date, returned) values (1, 9934942670020, DATE_SUB(CURRENT_DATE, INTERVAL 45 DAY), 1);
insert into borrows (card_id, ISBN, b_date, returned) values (17, 9934942670057, DATE_SUB(CURRENT_DATE, INTERVAL 45 DAY), 1);
insert into borrows (card_id, ISBN, b_date, returned) values (54, 9934942670019, DATE_SUB(CURRENT_DATE, INTERVAL 40 DAY), 1);
insert into borrows (card_id, ISBN, b_date, returned) values (54, 9934942670020, DATE_SUB(CURRENT_DATE, INTERVAL 40 DAY), 1);
insert into borrows (card_id, ISBN, b_date, returned) values (51, 9934942670029, DATE_SUB(CURRENT_DATE, INTERVAL 40 DAY), 1);
insert into borrows (card_id, ISBN, b_date, returned) values (51, 9934942670033, DATE_SUB(CURRENT_DATE, INTERVAL 40 DAY), 1);
insert into borrows (card_id, ISBN, b_date, returned) values (57, 9934942670003, DATE_SUB(CURRENT_DATE, INTERVAL 50 DAY), 1);
insert into borrows (card_id, ISBN, b_date, returned) values (57, 9934942670030, DATE_SUB(CURRENT_DATE, INTERVAL 50 DAY), 1);
insert into borrows (card_id, ISBN, b_date, returned) values (60, 9934942670008, DATE_SUB(CURRENT_DATE, INTERVAL 50 DAY), 1);
insert into borrows (card_id, ISBN, b_date, returned) values (60, 9934942670062, DATE_SUB(CURRENT_DATE, INTERVAL 50 DAY), 1);
insert into borrows (card_id, ISBN, b_date, returned) values (3, 9934942670019, DATE_SUB(CURRENT_DATE, INTERVAL 45 DAY), 1);
insert into borrows (card_id, ISBN, b_date, returned) values (16, 9934942670010, DATE_SUB(CURRENT_DATE, INTERVAL 45 DAY), 1);
insert into borrows (card_id, ISBN, b_date, returned) values (55, 9934942670042, DATE_SUB(CURRENT_DATE, INTERVAL 40 DAY), 1);
insert into borrows (card_id, ISBN, b_date, returned) values (55, 9934942670059, DATE_SUB(CURRENT_DATE, INTERVAL 40 DAY), 1);
insert into borrows (card_id, ISBN, b_date, returned) values (55, 9934942670059, DATE_SUB(CURRENT_DATE, INTERVAL 400 DAY), 1);

insert into borrows (card_id, ISBN, b_date, returned) values (18, 9934942670035, DATE_SUB(CURRENT_DATE, INTERVAL 30 DAY), 0);
insert into borrows (card_id, ISBN, b_date, returned) values (49, 9934942670016, DATE_SUB(CURRENT_DATE, INTERVAL 25 DAY), 0);
insert into borrows (card_id, ISBN, b_date, returned) values (31, 9934942670055, DATE_SUB(CURRENT_DATE, INTERVAL 20 DAY), 0);
insert into borrows (card_id, ISBN, b_date, returned) values (41, 9934942670051, DATE_SUB(CURRENT_DATE, INTERVAL 20 DAY), 1);
insert into borrows (card_id, ISBN, b_date, returned) values (41, 9934942670058, DATE_SUB(CURRENT_DATE, INTERVAL 20 DAY), 0);
insert into borrows (card_id, ISBN, b_date, returned) values (29, 9934942670054, DATE_SUB(CURRENT_DATE, INTERVAL 19 DAY), 0);
insert into borrows (card_id, ISBN, b_date, returned) values (14, 9934942670068, DATE_SUB(CURRENT_DATE, INTERVAL 19 DAY), 0);
insert into borrows (card_id, ISBN, b_date, returned) values (51, 9934942670025, DATE_SUB(CURRENT_DATE, INTERVAL 18 DAY), 0);
insert into borrows (card_id, ISBN, b_date, returned) values (63, 9934942670002, DATE_SUB(CURRENT_DATE, INTERVAL 18 DAY), 0);
insert into borrows (card_id, ISBN, b_date, returned) values (42, 9934942670015, DATE_SUB(CURRENT_DATE, INTERVAL 18 DAY), 0);
insert into borrows (card_id, ISBN, b_date, returned) values (69, 9934942670046, DATE_SUB(CURRENT_DATE, INTERVAL 17 DAY), 0);
insert into borrows (card_id, ISBN, b_date, returned) values (60, 9934942670006, DATE_SUB(CURRENT_DATE, INTERVAL 17 DAY), 0);
insert into borrows (card_id, ISBN, b_date, returned) values (70, 9934942670054, DATE_SUB(CURRENT_DATE, INTERVAL 17 DAY), 0);
insert into borrows (card_id, ISBN, b_date, returned) values (26, 9934942670021, DATE_SUB(CURRENT_DATE, INTERVAL 16 DAY), 0);
insert into borrows (card_id, ISBN, b_date, returned) values (30, 9934942670034, DATE_SUB(CURRENT_DATE, INTERVAL 16 DAY), 0);
insert into borrows (card_id, ISBN, b_date, returned) values (37, 9934942670035, DATE_SUB(CURRENT_DATE, INTERVAL 15 DAY), 0);
insert into borrows (card_id, ISBN, b_date, returned) values (55, 9934942670044, DATE_SUB(CURRENT_DATE, INTERVAL 15 DAY), 0);
insert into borrows (card_id, ISBN, b_date, returned) values (64, 9934942670051, DATE_SUB(CURRENT_DATE, INTERVAL 7 DAY), 0);
insert into borrows (card_id, ISBN, b_date, returned) values (27, 9934942670058, DATE_SUB(CURRENT_DATE, INTERVAL 6 DAY), 0);
insert into borrows (card_id, ISBN, b_date, returned) values (28, 9934942670051, DATE_SUB(CURRENT_DATE, INTERVAL 6 DAY), 0);
insert into borrows (card_id, ISBN, b_date, returned) values (46, 9934942670024, DATE_SUB(CURRENT_DATE, INTERVAL 5 DAY), 0);
insert into borrows (card_id, ISBN, b_date, returned) values (45, 9934942670010, DATE_SUB(CURRENT_DATE, INTERVAL 5 DAY), 0);
insert into borrows (card_id, ISBN, b_date, returned) values (45, 9934942670027, DATE_SUB(CURRENT_DATE, INTERVAL 5 DAY), 0);
insert into borrows (card_id, ISBN, b_date, returned) values (35, 9934942670019, DATE_SUB(CURRENT_DATE, INTERVAL 5 DAY), 0);
insert into borrows (card_id, ISBN, b_date, returned) values (23, 9934942670008, DATE_SUB(CURRENT_DATE, INTERVAL 5 DAY), 0);
insert into borrows (card_id, ISBN, b_date, returned) values (19, 9934942670033, DATE_SUB(CURRENT_DATE, INTERVAL 5 DAY), 0);
insert into borrows (card_id, ISBN, b_date, returned) values (13, 9934942670057, DATE_SUB(CURRENT_DATE, INTERVAL 5 DAY), 0);
insert into borrows (card_id, ISBN, b_date, returned) values (32, 9934942670003, DATE_SUB(CURRENT_DATE, INTERVAL 5 DAY), 0);
insert into borrows (card_id, ISBN, b_date, returned) values (1, 9934942670060, DATE_SUB(CURRENT_DATE, INTERVAL 4 DAY), 0);
insert into borrows (card_id, ISBN, b_date, returned) values (59, 9934942670040, DATE_SUB(CURRENT_DATE, INTERVAL 4 DAY), 0);
insert into borrows (card_id, ISBN, b_date, returned) values (36, 9934942670011, DATE_SUB(CURRENT_DATE, INTERVAL 4 DAY), 0);
insert into borrows (card_id, ISBN, b_date, returned) values (57, 9934942670046, DATE_SUB(CURRENT_DATE, INTERVAL 4 DAY), 0);
insert into borrows (card_id, ISBN, b_date, returned) values (53, 9934942670043, DATE_SUB(CURRENT_DATE, INTERVAL 3 DAY), 1);
insert into borrows (card_id, ISBN, b_date, returned) values (40, 9934942670017, DATE_SUB(CURRENT_DATE, INTERVAL 3 DAY), 0);
insert into borrows (card_id, ISBN, b_date, returned) values (11, 9934942670015, DATE_SUB(CURRENT_DATE, INTERVAL 3 DAY), 0);
insert into borrows (card_id, ISBN, b_date, returned) values (67, 9934942670047, DATE_SUB(CURRENT_DATE, INTERVAL 3 DAY), 0);
insert into borrows (card_id, ISBN, b_date, returned) values (64, 9934942670059, DATE_SUB(CURRENT_DATE, INTERVAL 3 DAY), 0);
insert into borrows (card_id, ISBN, b_date, returned) values (17, 9934942670029, DATE_SUB(CURRENT_DATE, INTERVAL 2 DAY), 0);
insert into borrows (card_id, ISBN, b_date, returned) values (38, 9934942670044, DATE_SUB(CURRENT_DATE, INTERVAL 2 DAY), 0);
insert into borrows (card_id, ISBN, b_date, returned) values (66, 9934942670034, DATE_SUB(CURRENT_DATE, INTERVAL 2 DAY), 0);
insert into borrows (card_id, ISBN, b_date, returned) values (16, 9934942670020, DATE_SUB(CURRENT_DATE, INTERVAL 2 DAY), 0);
insert into borrows (card_id, ISBN, b_date, returned) values (53, 9934942670050, DATE_SUB(CURRENT_DATE, INTERVAL 2 DAY), 0);
insert into borrows (card_id, ISBN, b_date, returned) values (46, 9934942670018, DATE_SUB(CURRENT_DATE, INTERVAL 1 DAY), 0);
insert into borrows (card_id, ISBN, b_date, returned) values (61, 9934942670005, DATE_SUB(CURRENT_DATE, INTERVAL 1 DAY), 0);
insert into borrows (card_id, ISBN, b_date, returned) values (20, 9934942670002, DATE_SUB(CURRENT_DATE, INTERVAL 1 DAY), 0);
insert into borrows (card_id, ISBN, b_date, returned) values (52, 9934942670048, DATE_SUB(CURRENT_DATE, INTERVAL 1 DAY), 0);
insert into borrows (card_id, ISBN, b_date, returned) values (3, 9934942670010, DATE_SUB(CURRENT_DATE, INTERVAL 1 DAY), 0);
insert into borrows (card_id, ISBN, b_date, returned) values (8, 9934942670015, DATE_SUB(CURRENT_DATE, INTERVAL 1 DAY), 0);
insert into borrows (card_id, ISBN, b_date, returned) values (34, 9934942670009, DATE_SUB(CURRENT_DATE, INTERVAL 1 DAY), 0);
insert into borrows (card_id, ISBN, b_date, returned) values (54, 9934942670025, DATE_SUB(CURRENT_DATE, INTERVAL 1 DAY), 0);
insert into borrows (card_id, ISBN, b_date, returned) values (9, 9934942670064, CURRENT_DATE, 0);

-- membership_applicant

insert into membership_applicant (request_id, first_name, last_name, username, passcode, birthday, phone, email, teacher, school_id) values (1, 'Leoine', 'Kerrich', 'lkerrich0', 'dTugDr3', '2008-07-21', '5058771121', 'lkerrich0@pagesperso-orange.fr', 0, '1');
insert into membership_applicant (request_id, first_name, last_name, username, passcode, birthday, phone, email, teacher, school_id) values (2, 'Truda', 'Blissett', 'tblissett1', 'HI4JX1Xa', '2008-02-24', '3606099792', 'tblissett1@shutterfly.com', 0, '3');
insert into membership_applicant (request_id, first_name, last_name, username, passcode, birthday, phone, email, teacher, school_id) values (3, 'Clerc', 'California', 'ccalifornia2', '4p1EU0Jnj', '2009-05-10', '9152751980', 'ccalifornia2@newsvine.com', 0, '2');
insert into membership_applicant (request_id, first_name, last_name, username, passcode, birthday, phone, email, teacher, school_id) values (4, 'Davida', 'Langham', 'dlangham3', 'ZllFisJ3MlJi', '2010-03-02', '8062676417', 'dlangham3@clickbank.net', 0, '3');
insert into membership_applicant (request_id, first_name, last_name, username, passcode, birthday, phone, email, teacher, school_id) values (5, 'Caesar', 'Beddis', 'cbeddis4', 'VxM5qIXvR', '2008-04-01', '6659824338', 'cbeddis4@domainmarket.com', 0, '2');
insert into membership_applicant (request_id, first_name, last_name, username, passcode, birthday, phone, email, teacher, school_id) values (6, 'Batholomew', 'Huskisson', 'bhuskisson5','48YTNwRcxA', '2008-07-15',  '2883530763', 'bhuskisson5@senate.gov', 0, '2');
insert into membership_applicant (request_id, first_name, last_name, username, passcode, birthday, phone, email, teacher, school_id) values (7, 'Verne', 'Hudel', 'vhudel6', 'x6NPjYkyRPu', '2009-01-01', '9205131759', 'vhudel6@netvibes.com', 0, '4');
insert into membership_applicant (request_id, first_name, last_name, username, passcode, birthday, phone, email, teacher, school_id) values (8, 'Sherry', 'ducarme', 'sducarme7', 'wq7EoJ0hCed', '2008-02-02', '3071752688', 'sducarme7@barnesandnoble.com', 0, '5');
insert into membership_applicant (request_id, first_name, last_name, username, passcode, birthday, phone, email, teacher, school_id) values (9, 'Sybyl', 'Almeida', 'salmeida8', 'AzDdO7b', '2008-03-13', '9734761692', 'salmeida8@webnode.com', 0, '5');
insert into membership_applicant (request_id, first_name, last_name, username, passcode, birthday, phone, email, teacher, school_id) values (10, 'Flinn', 'Beardsdale', 'fbeardsdale9', 'E3MLLNKs4Up', '1967-10-07', '2563144449', 'fbeardsdale9@canalblog.com', 1, '4');
insert into membership_applicant (request_id, first_name, last_name, username, passcode, birthday, phone, email, teacher, school_id) values (11, 'Vasili', 'Goodliffe', 'vgoodliffea', '2reNoUKfys', '2009-04-17', '4317662323', 'vgoodliffea@google.pl', 0, '5');
insert into membership_applicant (request_id, first_name, last_name, username, passcode, birthday, phone, email, teacher, school_id) values (12, 'Hildagard', 'Mackneis', 'hmackneisb', 'sh77L1qRD', '2008-05-02', '3688823630', 'hmackneisb@squidoo.com', 0, '1');
insert into membership_applicant (request_id, first_name, last_name, username, passcode, birthday, phone, email, teacher, school_id) values (13, 'Colene', 'Januszkiewicz', 'cjanuszkiewiczc', 'OU2Ltfi', '2008-06-09', '3849113556', 'cjanuszkiewiczc@utexas.edu', 0, '4');
insert into membership_applicant (request_id, first_name, last_name, username, passcode, birthday, phone, email, teacher, school_id) values (14, 'Evin', 'Thorington', 'ethoringtond', 'VeVN9CnXO', '2010-07-03', '1011280516', 'ethoringtond@boston.com', 0, '1');
insert into membership_applicant (request_id, first_name, last_name, username, passcode, birthday, phone, email, teacher, school_id) values (15, 'Romola', 'Stoltz', 'rstoltze', 'LPTc83r', '2010-08-21', '8359024094', 'rstoltze@si.edu', 0, '3');
insert into membership_applicant (request_id, first_name, last_name, username, passcode, birthday, phone, email, teacher, school_id) values (16, 'Lamar', 'Pagel', 'lpagelf', 'aPzlz7Tk', '2008-08-18', '7349948469', 'lpagelf@prweb.com', 0, '3');
insert into membership_applicant (request_id, first_name, last_name, username, passcode, birthday, phone, email, teacher, school_id) values (17, 'Maynord', 'Searsby', 'msearsbyg', '91cwHhFst', '2010-09-20', '7873831990', 'msearsbyg@indiegogo.com', 0, '2');
insert into membership_applicant (request_id, first_name, last_name, username, passcode, birthday, phone, email, teacher, school_id) values (18, 'Regan', 'Malter', 'rmalterh', 'WadVGw', '2009-10-29', '8552289058', 'rmalterh@vkontakte.ru', 0, '1');
insert into membership_applicant (request_id, first_name, last_name, username, passcode, birthday, phone, email, teacher, school_id) values (19, 'Aliza', 'Davson', 'adavsoni', 'EPfGcWdw', '1973-08-05', '2693913856', 'adavsoni@google.com.au', 1, '3');
insert into membership_applicant (request_id, first_name, last_name, username, passcode, birthday, phone, email, teacher, school_id) values (20, 'Portie', 'McCome', 'pmccomej', 'V360P8', '2009-10-18', '8517210731', 'pmccomej@blogspot.com', 0, '1');
insert into membership_applicant (request_id, first_name, last_name, username, passcode, birthday, phone, email, teacher, school_id) values (21, 'Ody', 'Mohun', 'omohunk', 'yVtSY0HD5rA', '2008-11-06', '7981461936', 'omohunk@census.gov', 0, '5');
insert into membership_applicant (request_id, first_name, last_name, username, passcode, birthday, phone, email, teacher, school_id) values (22, 'Anson', 'Bottomer', 'abottomerl', '2pppP4HiWjR', '2007-07-08', '7743915422', 'abottomerl@mayoclinic.com', 0, '2');
insert into membership_applicant (request_id, first_name, last_name, username, passcode, birthday, phone, email, teacher, school_id) values (23, 'Gillian', 'Langeren', 'glangerenm', '6ImnBSe', '1969-01-30', '6464436820', 'glangerenm@archive.org', 1, '5');
insert into membership_applicant (request_id, first_name, last_name, username, passcode, birthday, phone, email, teacher, school_id) values (24, 'Angeli', 'Slevin', 'aslevinn', 'NWg06LCuwCuu', '2007-03-09', '2036180597', 'aslevinn@jimdo.com', 0, '1');
insert into membership_applicant (request_id, first_name, last_name, username, passcode, birthday, phone, email, teacher, school_id) values (25, 'Paulina', 'Wilshaw', 'pwilshawo', 'uBFbg4', '2011-07-21', '1716370966', 'pwilshawo@miibeian.gov.cn', 0, '4');
insert into membership_applicant (request_id, first_name, last_name, username, passcode, birthday, phone, email, teacher, school_id) values (26, 'Nikolos', 'Pennicard', 'npennicardp', 'eoNbvcz', '1970-11-02', '6143601255', 'npennicardp@unc.edu', 1, '3');
insert into membership_applicant (request_id, first_name, last_name, username, passcode, birthday, phone, email, teacher, school_id) values (27, 'Ganny', 'Columbine', 'gcolumbineq', 'nJQTwRiQ7Wao', '1968-10-10', '1865064352', 'gcolumbineq@is.gd', 1, '2');
insert into membership_applicant (request_id, first_name, last_name, username, passcode, birthday, phone, email, teacher, school_id) values (28, 'Salli', 'Hutchin', 'shutchinr', 'N2RAw0', '2011-12-12', '7464208906', 'shutchinr@timesonline.co.uk', 0, '1');
insert into membership_applicant (request_id, first_name, last_name, username, passcode, birthday, phone, email, teacher, school_id) values (29, 'Pearla', 'Leuchars', 'pleucharss', 'TMquhUuB7DMG', '1972-01-15', '3172887821', 'pleucharss@seattletimes.com', 1, '1');
insert into membership_applicant (request_id, first_name, last_name, username, passcode, birthday, phone, email, teacher, school_id) values (30, 'Sonia', 'Fettiplace', 'sfettiplacet', 'vuIzAl87BaKV', '2011-01-15', '1869486831', 'sfettiplacet@economist.com', 0, '4');

-- admin_applicant

insert into admin_applicant (request_id, first_name, last_name, school_id) values (1, 'Orelie', 'Timny', 4);
insert into admin_applicant (request_id, first_name, last_name, school_id) values (2, 'Chic', 'Prandi', 3);
insert into admin_applicant (request_id, first_name, last_name, school_id) values (3, 'Orella', 'Genge', 2);
insert into admin_applicant (request_id, first_name, last_name, school_id) values (4, 'Rik', 'Elcome', 5);
insert into admin_applicant (request_id, first_name, last_name, school_id) values (5, 'Cassey', 'Millgate', 2);